,Tempo,Movimentação,Original_473,Original_269,Zero,Maçã_Verde,Tangerina,Citrus,Açaí_Guaraná,Pêssego,data,weekday,Media,Mediana,TARGET
0,2018-12-02 00:00:00.000000,17533,22,65,22,14,3,26,43,18,2018-12-02,6,26.625,22.0,False
1,2018-12-03 00:00:00.000000,18412,11,56,16,14,43,20,37,15,2018-12-03,0,26.5,18.0,False
2,2018-12-04 00:00:00.000000,19600,86,51,8,11,41,20,35,12,2018-12-04,1,33.0,27.5,False
3,2018-12-05 00:00:00.000000,20303,76,47,65,11,37,14,32,10,2018-12-05,2,36.5,34.5,True
4,2018-12-06 00:00:00.000000,17085,68,42,60,6,35,13,26,5,2018-12-06,3,31.875,30.5,True
5,2018-12-07 00:00:00.000000,18324,57,35,55,43,31,9,22,43,2018-12-07,4,36.875,39.0,False
6,2018-12-08 00:00:00.000000,17113,45,33,50,39,25,5,16,39,2018-12-08,5,31.5,36.0,False
7,2018-12-09 00:00:00.000000,19756,34,28,41,39,22,43,13,34,2018-12-09,6,31.75,34.0,True
8,2018-12-10 00:00:00.000000,17160,22,24,31,35,18,40,8,29,2018-12-10,0,25.875,26.5,False
9,2018-12-11 00:00:00.000000,18058,9,16,26,33,13,38,4,24,2018-12-11,1,20.375,20.0,False
10,2018-12-12 00:00:00.000000,19887,86,12,22,29,8,37,43,20,2018-12-12,2,32.125,25.5,False
11,2018-12-13 00:00:00.000000,18556,75,10,12,25,2,35,39,14,2018-12-13,3,26.5,19.5,True
12,2018-12-14 00:00:00.000000,17508,67,0,3,21,43,34,33,9,2018-12-14,4,26.25,27.0,True
13,2018-12-15 00:00:00.000000,19104,59,65,65,20,38,34,27,3,2018-12-15,5,38.875,36.0,False
14,2018-12-16 00:00:00.000000,18390,50,63,56,18,32,34,25,43,2018-12-16,6,40.125,38.5,False
15,2018-12-17 00:00:00.000000,20813,39,59,48,12,30,30,20,37,2018-12-17,0,34.375,33.5,False
16,2018-12-18 00:00:00.000000,19092,26,50,44,7,27,30,14,34,2018-12-18,1,29.0,28.5,False
17,2018-12-19 00:00:00.000000,17319,15,45,39,3,25,25,8,29,2018-12-19,2,23.625,25.0,True
18,2018-12-20 00:00:00.000000,19550,7,35,31,43,21,20,2,27,2018-12-20,3,23.25,24.0,True
19,2018-12-21 00:00:00.000000,17512,86,27,21,39,17,19,43,21,2018-12-21,4,34.125,24.0,False
20,2018-12-22 00:00:00.000000,17677,78,17,11,35,11,17,38,19,2018-12-22,5,28.25,18.0,False
21,2018-12-23 00:00:00.000000,19104,65,12,7,34,9,16,32,14,2018-12-23,6,23.625,15.0,True
22,2018-12-24 00:00:00.000000,20933,57,3,65,28,4,13,30,10,2018-12-24,0,26.25,20.5,False
23,2018-12-25 00:00:00.000000,18628,47,65,55,24,43,12,25,4,2018-12-25,1,34.375,34.0,False
24,2018-12-26 00:00:00.000000,18784,37,62,46,21,40,9,21,43,2018-12-26,2,34.875,38.5,False
25,2018-12-27 00:00:00.000000,18619,28,60,37,15,36,9,16,39,2018-12-27,3,30.0,32.0,False
26,2018-12-28 00:00:00.000000,17226,16,52,30,10,31,4,12,33,2018-12-28,4,23.5,23.0,False
27,2018-12-29 00:00:00.000000,20438,8,43,25,10,29,43,9,29,2018-12-29,5,24.5,27.0,False
28,2018-12-30 00:00:00.000000,18049,86,39,19,4,24,41,3,24,2018-12-30,6,30.0,24.0,False
29,2018-12-31 00:00:00.000000,20137,78,33,9,43,20,36,43,21,2018-12-31,0,35.375,34.5,True
30,2019-01-01 00:00:00.000000,19250,67,27,65,43,17,33,37,18,2019-01-01,1,38.375,35.0,True
31,2019-01-03 00:00:00.000000,20205,57,21,61,43,12,33,31,16,2019-01-03,3,34.25,32.0,False
32,2019-01-04 00:00:00.000000,18141,45,17,57,38,9,29,27,10,2019-01-04,4,29.0,28.0,False
33,2019-01-05 00:00:00.000000,19471,34,15,53,32,5,29,21,6,2019-01-05,5,24.375,25.0,False
34,2019-01-06 00:00:00.000000,18748,23,13,45,31,43,25,15,43,2019-01-06,6,29.75,28.0,False
35,2019-01-07 00:00:00.000000,19002,10,6,39,26,39,24,13,38,2019-01-07,0,24.375,25.0,False
36,2019-01-08 00:00:00.000000,19218,86,65,35,25,35,22,7,36,2019-01-08,1,38.875,35.0,False
37,2019-01-09 00:00:00.000000,17261,74,56,25,25,33,21,3,30,2019-01-09,2,33.375,27.5,False
38,2019-01-10 00:00:00.000000,20697,63,50,16,24,30,15,43,24,2019-01-10,3,33.125,27.0,False
39,2019-01-11 00:00:00.000000,17359,54,40,11,20,28,12,40,21,2019-01-11,4,28.25,24.5,False
40,2019-01-12 00:00:00.000000,17176,47,38,2,20,23,6,36,18,2019-01-12,5,23.75,21.5,False
41,2019-01-13 00:00:00.000000,17132,35,32,65,18,20,43,34,12,2019-01-13,6,32.375,33.0,True
42,2019-01-14 00:00:00.000000,20831,28,25,59,18,14,40,28,8,2019-01-14,0,27.5,26.5,False
43,2019-01-15 00:00:00.000000,17088,21,18,52,14,9,36,24,5,2019-01-15,1,22.375,19.5,False
44,2019-01-16 00:00:00.000000,20088,8,14,43,9,6,32,21,43,2019-01-16,2,22.0,17.5,True
45,2019-01-17 00:00:00.000000,20165,86,5,34,5,43,30,18,40,2019-01-17,3,32.625,32.0,True
46,2019-01-18 00:00:00.000000,17042,79,65,28,43,37,29,12,34,2019-01-18,4,40.875,35.5,False
47,2019-01-19 00:00:00.000000,18476,70,61,20,38,35,26,10,30,2019-01-19,5,36.25,32.5,True
48,2019-01-20 00:00:00.000000,17278,62,51,16,36,33,26,6,28,2019-01-20,6,32.25,30.5,False
49,2019-01-21 00:00:00.000000,18729,49,41,11,34,30,26,43,22,2019-01-21,0,32.0,32.0,True
50,2019-01-22 00:00:00.000000,20692,37,32,1,33,24,25,38,18,2019-01-22,1,26.0,28.5,True
51,2019-01-23 00:00:00.000000,19635,29,27,65,32,22,23,34,12,2019-01-23,2,30.5,28.0,True
52,2019-01-24 00:00:00.000000,17329,22,18,61,27,19,19,29,6,2019-01-24,3,25.125,20.5,True
53,2019-01-25 00:00:00.000000,20208,11,10,56,25,17,14,25,43,2019-01-25,4,25.125,21.0,False
54,2019-01-26 00:00:00.000000,17420,86,7,50,19,13,13,22,41,2019-01-26,5,31.375,20.5,False
55,2019-01-27 00:00:00.000000,17015,78,65,43,13,11,8,20,39,2019-01-27,6,34.625,29.5,False
56,2019-01-28 00:00:00.000000,20163,71,61,37,12,6,7,15,36,2019-01-28,0,30.625,25.5,False
57,2019-01-29 00:00:00.000000,20158,58,59,28,10,43,6,12,33,2019-01-29,1,31.125,30.5,False
58,2019-01-30 00:00:00.000000,20434,48,50,19,7,38,43,10,29,2019-01-30,2,30.5,33.5,False
59,2019-01-31 00:00:00.000000,18822,40,45,13,3,35,42,7,26,2019-01-31,3,26.375,30.5,True
60,2019-02-01 00:00:00.000000,18530,27,42,5,43,29,36,3,23,2019-02-01,4,26.0,28.0,False
61,2019-02-03 00:00:00.000000,20111,16,35,65,42,23,35,43,21,2019-02-03,6,35.0,35.0,False
62,2019-02-04 00:00:00.000000,17011,8,27,58,37,17,35,40,17,2019-02-04,0,29.875,31.0,False
63,2019-02-05 00:00:00.000000,17663,86,17,51,35,15,34,38,14,2019-02-05,1,36.25,34.5,False
64,2019-02-06 00:00:00.000000,20111,75,7,43,30,13,33,35,8,2019-02-06,2,30.5,31.5,True
65,2019-02-07 00:00:00.000000,17572,68,65,36,26,11,32,32,4,2019-02-07,3,34.25,32.0,False
66,2019-02-08 00:00:00.000000,17319,55,55,27,25,6,28,29,43,2019-02-08,4,33.5,28.5,True
67,2019-02-09 00:00:00.000000,20785,48,49,21,23,43,28,23,38,2019-02-09,5,34.125,33.0,False
68,2019-02-10 00:00:00.000000,19776,37,46,16,21,38,22,21,33,2019-02-10,6,29.25,27.5,True
69,2019-02-11 00:00:00.000000,17943,25,42,12,19,33,18,15,31,2019-02-11,0,24.375,22.0,False
70,2019-02-12 00:00:00.000000,19451,13,35,7,13,27,17,9,29,2019-02-12,1,18.75,15.0,False
71,2019-02-13 00:00:00.000000,18312,6,32,65,12,24,13,4,26,2019-02-13,2,22.75,18.5,True
72,2019-02-14 00:00:00.000000,20466,86,28,57,12,22,8,43,24,2019-02-14,3,35.0,26.0,False
73,2019-02-15 00:00:00.000000,20233,76,20,51,9,17,8,41,22,2019-02-15,4,30.5,21.0,False
74,2019-02-16 00:00:00.000000,18158,65,10,47,7,12,5,37,16,2019-02-16,5,24.875,14.0,False
75,2019-02-17 00:00:00.000000,18265,55,7,38,6,6,43,35,11,2019-02-17,6,25.125,23.0,True
76,2019-02-18 00:00:00.000000,20016,42,65,32,43,43,39,30,8,2019-02-18,0,37.75,40.5,False
77,2019-02-19 00:00:00.000000,19850,33,63,24,41,40,33,24,6,2019-02-19,1,33.0,33.0,True
78,2019-02-20 00:00:00.000000,18797,21,59,14,41,36,27,21,43,2019-02-20,2,32.75,31.5,True
79,2019-02-21 00:00:00.000000,20739,14,50,7,40,33,24,17,37,2019-02-21,3,27.75,28.5,True
80,2019-02-22 00:00:00.000000,17106,4,42,65,34,31,19,14,35,2019-02-22,4,30.5,32.5,False
81,2019-02-23 00:00:00.000000,17407,86,33,57,32,28,13,8,32,2019-02-23,5,36.125,32.0,False
82,2019-02-24 00:00:00.000000,20012,74,24,53,26,25,13,5,30,2019-02-24,6,31.25,25.5,True
83,2019-02-25 00:00:00.000000,17832,63,21,45,23,21,13,43,25,2019-02-25,0,31.75,24.0,False
84,2019-02-26 00:00:00.000000,17624,55,12,35,20,17,7,37,23,2019-02-26,1,25.75,21.5,False
85,2019-02-27 00:00:00.000000,17547,45,8,27,16,12,7,33,19,2019-02-27,2,20.875,17.5,True
86,2019-02-28 00:00:00.000000,20436,35,65,18,16,9,5,31,14,2019-02-28,3,24.125,17.0,False
87,2019-03-01 00:00:00.000000,19834,24,57,9,14,5,43,26,11,2019-03-01,4,23.625,19.0,True
88,2019-03-02 00:00:00.000000,18182,14,51,65,12,43,43,20,8,2019-03-02,5,32.0,31.5,True
89,2019-03-03 00:00:00.000000,18012,4,43,59,6,40,43,15,6,2019-03-03,6,27.0,27.5,False
90,2019-03-04 00:00:00.000000,17704,86,37,50,43,38,41,12,43,2019-03-04,0,43.75,42.0,False
91,2019-03-05 00:00:00.000000,19800,74,27,41,42,34,38,7,38,2019-03-05,1,37.625,38.0,False
92,2019-03-06 00:00:00.000000,18843,61,22,32,42,32,32,1,34,2019-03-06,2,32.0,32.0,True
93,2019-03-07 00:00:00.000000,20235,52,19,27,39,29,31,43,31,2019-03-07,3,33.875,31.0,False
94,2019-03-08 00:00:00.000000,17676,41,10,20,35,26,31,39,28,2019-03-08,4,28.75,29.5,False
95,2019-03-09 00:00:00.000000,20827,31,8,10,32,23,30,34,23,2019-03-09,5,23.875,26.5,False
96,2019-03-10 00:00:00.000000,17593,19,65,2,30,17,30,29,19,2019-03-10,6,26.375,24.0,True
97,2019-03-11 00:00:00.000000,17305,12,63,65,29,14,27,27,15,2019-03-11,0,31.5,27.0,True
98,2019-03-12 00:00:00.000000,18688,86,55,60,23,8,27,22,10,2019-03-12,1,36.375,25.0,False
99,2019-03-13 00:00:00.000000,18687,79,53,52,17,5,22,20,6,2019-03-13,2,31.75,21.0,False
100,2019-03-14 00:00:00.000000,17646,72,49,48,13,43,21,16,43,2019-03-14,3,38.125,43.0,False
101,2019-03-15 00:00:00.000000,20679,64,46,39,7,37,16,12,38,2019-03-15,4,32.375,37.5,False
102,2019-03-16 00:00:00.000000,19502,52,44,34,6,34,11,6,33,2019-03-16,5,27.5,33.5,False
103,2019-03-17 00:00:00.000000,16942,44,37,30,43,30,5,43,28,2019-03-17,6,32.5,33.5,True
104,2019-03-18 00:00:00.000000,17243,35,27,22,39,28,43,41,26,2019-03-18,0,32.625,31.5,False
105,2019-03-19 00:00:00.000000,20422,28,24,15,35,22,40,38,24,2019-03-19,1,28.25,26.0,True
106,2019-03-20 00:00:00.000000,19533,15,20,9,29,18,40,32,20,2019-03-20,2,22.875,20.0,False
107,2019-03-21 00:00:00.000000,20935,7,13,65,29,13,37,30,16,2019-03-21,3,26.25,22.5,False
108,2019-03-22 00:00:00.000000,20874,86,10,60,26,9,34,27,11,2019-03-22,4,32.875,26.5,True
109,2019-03-23 00:00:00.000000,18124,77,7,50,26,5,31,24,8,2019-03-23,5,28.5,25.0,False
110,2019-03-24 00:00:00.000000,17998,65,65,40,25,43,30,18,6,2019-03-24,6,36.5,35.0,False
111,2019-03-25 00:00:00.000000,17749,54,62,30,20,37,25,16,43,2019-03-25,0,35.875,33.5,True
112,2019-03-26 00:00:00.000000,19235,44,58,22,14,34,23,10,37,2019-03-26,1,30.25,28.5,True
113,2019-03-27 00:00:00.000000,19601,33,56,18,10,32,18,8,32,2019-03-27,2,25.875,25.0,True
114,2019-03-28 00:00:00.000000,18578,25,47,12,5,29,18,3,29,2019-03-28,3,21.0,21.5,False
115,2019-03-29 00:00:00.000000,17089,14,43,4,43,23,12,43,23,2019-03-29,4,25.625,23.0,True
116,2019-03-30 00:00:00.000000,19084,3,41,65,39,19,12,40,17,2019-03-30,5,29.5,29.0,False
117,2019-03-31 00:00:00.000000,19231,86,39,56,37,16,9,36,15,2019-03-31,6,36.75,36.5,False
118,2019-04-01 00:00:00.000000,19074,78,31,47,32,11,9,34,12,2019-04-01,0,31.75,31.5,False
119,2019-04-02 00:00:00.000000,17308,68,24,40,32,6,8,28,9,2019-04-02,1,26.875,26.0,False
120,2019-04-03 00:00:00.000000,19429,60,20,33,32,43,7,26,3,2019-04-03,2,28.0,29.0,False
121,2019-04-05 00:00:00.000000,18635,47,18,23,31,41,3,22,43,2019-04-05,4,28.5,27.0,False
122,2019-04-06 00:00:00.000000,20922,40,8,14,30,37,43,17,38,2019-04-06,5,28.375,33.5,False
123,2019-04-07 00:00:00.000000,20341,31,65,10,29,33,39,11,33,2019-04-07,6,31.375,32.0,False
124,2019-04-08 00:00:00.000000,17640,22,55,1,27,31,37,5,31,2019-04-08,0,26.125,29.0,False
125,2019-04-09 00:00:00.000000,19183,15,49,65,25,26,32,43,28,2019-04-09,1,35.375,30.0,False
126,2019-04-10 00:00:00.000000,20045,4,39,58,23,20,27,40,22,2019-04-10,2,29.125,25.0,False
127,2019-04-11 00:00:00.000000,19311,86,36,50,22,16,26,37,20,2019-04-11,3,36.625,31.0,False
128,2019-04-12 00:00:00.000000,18231,74,32,45,17,13,24,34,15,2019-04-12,4,31.75,28.0,False
129,2019-04-13 00:00:00.000000,19287,63,30,40,15,9,24,32,10,2019-04-13,5,27.875,27.0,True
130,2019-04-14 00:00:00.000000,19836,56,21,35,10,4,23,30,5,2019-04-14,6,23.0,22.0,False
131,2019-04-15 00:00:00.000000,19777,45,15,25,10,43,23,24,43,2019-04-15,0,28.5,24.5,True
132,2019-04-16 00:00:00.000000,17130,38,10,18,7,41,23,21,37,2019-04-16,1,24.375,22.0,False
133,2019-04-17 00:00:00.000000,20467,29,6,10,2,37,23,19,32,2019-04-17,2,19.75,21.0,True
134,2019-04-18 00:00:00.000000,18529,22,65,0,43,31,20,14,29,2019-04-18,3,28.0,25.5,False
135,2019-04-19 00:00:00.000000,20653,12,55,65,41,25,16,12,27,2019-04-19,4,31.625,26.0,False
136,2019-04-20 00:00:00.000000,19101,86,49,59,35,21,11,7,23,2019-04-20,5,36.375,29.0,False
137,2019-04-21 00:00:00.000000,18680,78,41,50,35,15,7,5,20,2019-04-21,6,31.375,27.5,False
138,2019-04-22 00:00:00.000000,18058,70,32,43,33,12,6,43,14,2019-04-22,0,31.625,32.5,True
139,2019-04-23 00:00:00.000000,20562,57,29,35,28,8,43,40,10,2019-04-23,1,31.25,32.0,True
140,2019-04-24 00:00:00.000000,17595,45,19,31,24,2,40,37,8,2019-04-24,2,25.75,27.5,True
141,2019-04-25 00:00:00.000000,18359,34,17,25,18,43,38,35,4,2019-04-25,3,26.75,29.5,False
142,2019-04-26 00:00:00.000000,19472,27,14,18,12,39,36,31,43,2019-04-26,4,27.5,29.0,False
143,2019-04-27 00:00:00.000000,19818,18,4,9,10,33,31,27,37,2019-04-27,5,21.125,22.5,False
144,2019-04-28 00:00:00.000000,18546,6,65,65,6,28,31,21,32,2019-04-28,6,31.75,29.5,False
145,2019-04-29 00:00:00.000000,20636,86,62,61,43,24,30,16,30,2019-04-29,0,44.0,36.5,False
146,2019-04-30 00:00:00.000000,19027,73,59,52,38,22,26,10,26,2019-04-30,1,38.25,32.0,False
147,2019-05-01 00:00:00.000000,20900,63,57,42,38,20,23,7,21,2019-05-01,2,33.875,30.5,False
148,2019-05-02 00:00:00.000000,18485,54,48,33,35,18,21,1,17,2019-05-02,3,28.375,27.0,True
149,2019-05-03 00:00:00.000000,19879,47,41,24,29,16,15,43,12,2019-05-03,4,28.375,26.5,False
150,2019-05-04 00:00:00.000000,19079,39,37,18,29,10,9,39,10,2019-05-04,5,23.875,23.5,False
151,2019-05-05 00:00:00.000000,18811,31,29,14,28,8,5,33,7,2019-05-05,6,19.375,21.0,False
152,2019-05-06 00:00:00.000000,18444,24,26,6,26,6,43,30,5,2019-05-06,0,20.75,25.0,True
153,2019-05-07 00:00:00.000000,17820,15,17,65,24,43,38,28,43,2019-05-07,1,34.125,33.0,False
154,2019-05-08 00:00:00.000000,19311,5,14,59,24,39,34,25,38,2019-05-08,2,29.75,29.5,True
155,2019-05-09 00:00:00.000000,17588,86,5,53,18,36,33,23,33,2019-05-09,3,35.875,33.0,True
156,2019-05-10 00:00:00.000000,20199,76,65,48,12,32,28,18,27,2019-05-10,4,38.25,30.0,False
157,2019-05-11 00:00:00.000000,18217,63,63,44,6,27,24,13,25,2019-05-11,5,33.125,26.0,False
158,2019-05-12 00:00:00.000000,20279,56,56,34,43,25,22,11,19,2019-05-12,6,33.25,29.5,False
159,2019-05-13 00:00:00.000000,17168,47,48,25,43,22,22,8,17,2019-05-13,0,29.0,23.5,False
160,2019-05-14 00:00:00.000000,18157,39,44,19,38,18,21,3,11,2019-05-14,1,24.125,20.0,False
161,2019-05-15 00:00:00.000000,18702,30,41,13,38,12,21,43,8,2019-05-15,2,25.75,25.5,False
162,2019-05-16 00:00:00.000000,18727,17,32,6,36,8,19,39,5,2019-05-16,3,20.25,18.0,False
163,2019-05-17 00:00:00.000000,19487,5,26,65,32,6,19,36,43,2019-05-17,4,29.0,29.0,True
164,2019-05-18 00:00:00.000000,17776,86,19,61,31,43,15,30,38,2019-05-18,5,40.375,34.5,True
165,2019-05-19 00:00:00.000000,18378,77,11,53,30,38,15,27,36,2019-05-19,6,35.875,33.0,True
166,2019-05-20 00:00:00.000000,19145,69,6,48,25,35,10,21,34,2019-05-20,0,31.0,29.5,False
167,2019-05-21 00:00:00.000000,19557,62,65,39,24,29,6,19,29,2019-05-21,1,34.125,29.0,False
168,2019-05-22 00:00:00.000000,19225,49,59,32,20,24,43,15,24,2019-05-22,2,33.25,28.0,True
169,2019-05-23 00:00:00.000000,18774,38,53,28,20,21,41,12,21,2019-05-23,3,29.25,24.5,False
170,2019-05-24 00:00:00.000000,18790,31,43,23,14,15,40,8,19,2019-05-24,4,24.125,21.0,False
171,2019-05-25 00:00:00.000000,17129,24,41,18,11,13,39,6,15,2019-05-25,5,20.875,16.5,True
172,2019-05-26 00:00:00.000000,18723,13,37,12,11,10,39,43,9,2019-05-26,6,21.75,12.5,False
173,2019-05-27 00:00:00.000000,19147,1,34,4,10,4,33,39,7,2019-05-27,0,16.5,8.5,True
174,2019-05-28 00:00:00.000000,20249,86,27,65,10,43,32,36,5,2019-05-28,1,38.0,34.0,False
175,2019-05-29 00:00:00.000000,19278,77,25,58,7,37,27,32,43,2019-05-29,2,38.25,34.5,True
176,2019-05-30 00:00:00.000000,18543,64,15,51,1,32,26,26,37,2019-05-30,3,31.5,29.0,False
177,2019-05-31 00:00:00.000000,18688,53,8,45,43,28,23,24,34,2019-05-31,4,32.25,31.0,False
178,2019-06-01 00:00:00.000000,20918,41,65,41,40,24,22,18,31,2019-06-01,5,35.25,35.5,False
179,2019-06-02 00:00:00.000000,18800,29,62,32,40,22,22,14,29,2019-06-02,6,31.25,29.0,False
180,2019-06-03 00:00:00.000000,17033,21,54,27,40,17,16,8,27,2019-06-03,0,26.25,24.0,False
181,2019-06-05 00:00:00.000000,19519,8,51,21,37,13,10,2,22,2019-06-05,2,20.5,17.0,False
182,2019-06-06 00:00:00.000000,18588,86,41,16,36,9,6,43,19,2019-06-06,3,32.0,27.5,False
183,2019-06-07 00:00:00.000000,19129,77,39,8,36,3,43,40,16,2019-06-07,4,32.75,37.5,False
184,2019-06-08 00:00:00.000000,19203,64,34,65,33,43,40,35,12,2019-06-08,5,40.75,37.5,False
185,2019-06-09 00:00:00.000000,19473,57,25,57,32,40,40,31,6,2019-06-09,6,36.0,36.0,False
186,2019-06-10 00:00:00.000000,19218,44,23,49,31,37,40,28,43,2019-06-10,0,36.875,38.5,True
187,2019-06-11 00:00:00.000000,19432,37,17,39,25,32,39,26,40,2019-06-11,1,31.875,34.5,False
188,2019-06-12 00:00:00.000000,18965,28,14,30,19,28,36,21,35,2019-06-12,2,26.375,28.0,False
189,2019-06-13 00:00:00.000000,16955,21,10,20,14,25,35,19,30,2019-06-13,3,21.75,20.5,False
190,2019-06-14 00:00:00.000000,17123,10,1,10,9,22,31,17,25,2019-06-14,4,15.625,13.5,True
191,2019-06-15 00:00:00.000000,18999,86,65,4,6,17,27,15,23,2019-06-15,5,30.375,20.0,False
192,2019-06-16 00:00:00.000000,18556,75,56,65,43,14,24,9,21,2019-06-16,6,38.375,33.5,False
193,2019-06-17 00:00:00.000000,19119,64,53,56,41,11,23,4,18,2019-06-17,0,33.75,32.0,False
194,2019-06-18 00:00:00.000000,19228,51,49,48,38,7,23,43,15,2019-06-18,1,34.25,40.5,False
195,2019-06-19 00:00:00.000000,17730,40,47,40,38,1,17,39,13,2019-06-19,2,29.375,38.5,False
196,2019-06-20 00:00:00.000000,19541,32,44,30,35,43,16,35,9,2019-06-20,3,30.5,33.5,False
197,2019-06-21 00:00:00.000000,18911,22,40,22,31,37,12,30,4,2019-06-21,4,24.75,26.0,True
198,2019-06-22 00:00:00.000000,19416,10,37,14,30,34,12,26,43,2019-06-22,5,25.75,28.0,True
199,2019-06-23 00:00:00.000000,17698,86,28,7,25,32,9,23,41,2019-06-23,6,31.375,26.5,False
200,2019-06-24 00:00:00.000000,19432,77,25,65,23,27,6,18,38,2019-06-24,0,34.875,26.0,False
201,2019-06-25 00:00:00.000000,20935,67,20,56,20,21,43,13,33,2019-06-25,1,34.125,27.0,False
202,2019-06-26 00:00:00.000000,20275,54,13,51,20,19,37,8,29,2019-06-26,2,28.875,24.5,False
203,2019-06-27 00:00:00.000000,17677,43,4,45,18,13,33,3,26,2019-06-27,3,23.125,22.0,False
204,2019-06-28 00:00:00.000000,17211,30,65,35,17,8,30,43,20,2019-06-28,4,31.0,30.0,False
205,2019-06-29 00:00:00.000000,18657,21,63,25,11,3,29,40,16,2019-06-29,5,26.0,23.0,False
206,2019-06-30 00:00:00.000000,19565,11,53,21,11,43,29,37,10,2019-06-30,6,26.875,25.0,False
207,2019-07-01 00:00:00.000000,18356,86,49,16,5,37,25,35,5,2019-07-01,0,32.25,30.0,True
208,2019-07-02 00:00:00.000000,17398,77,47,10,43,32,22,31,43,2019-07-02,1,38.125,37.5,False
209,2019-07-03 00:00:00.000000,18892,69,43,2,41,29,20,27,39,2019-07-03,2,33.75,34.0,True
210,2019-07-04 00:00:00.000000,20213,58,35,65,39,24,17,21,36,2019-07-04,3,36.875,35.5,False
211,2019-07-05 00:00:00.000000,20846,47,27,56,36,22,11,15,30,2019-07-05,4,30.5,28.5,False
212,2019-07-06 00:00:00.000000,19412,40,18,46,36,20,7,10,24,2019-07-06,5,25.125,22.0,False
213,2019-07-07 00:00:00.000000,17878,33,10,42,30,15,2,6,18,2019-07-07,6,19.5,16.5,True
214,2019-07-08 00:00:00.000000,19842,24,5,34,28,11,43,43,14,2019-07-08,0,25.25,26.0,True
215,2019-07-09 00:00:00.000000,20830,12,65,25,27,9,38,38,12,2019-07-09,1,28.25,26.0,False
216,2019-07-10 00:00:00.000000,19577,86,60,18,21,3,34,36,10,2019-07-10,2,33.5,27.5,False
217,2019-07-11 00:00:00.000000,20697,78,54,13,15,43,32,34,7,2019-07-11,3,34.5,33.0,False
218,2019-07-12 00:00:00.000000,19410,69,51,3,10,38,26,29,4,2019-07-12,4,28.75,27.5,False
219,2019-07-13 00:00:00.000000,19409,61,46,65,6,32,24,26,43,2019-07-13,5,37.875,37.5,False
220,2019-07-14 00:00:00.000000,18059,48,42,58,43,29,19,20,40,2019-07-14,6,37.375,41.0,False
221,2019-07-15 00:00:00.000000,20420,37,38,49,42,25,16,18,38,2019-07-15,0,32.875,37.5,False
222,2019-07-16 00:00:00.000000,19125,29,29,44,37,22,15,14,35,2019-07-16,1,28.125,29.0,True
223,2019-07-17 00:00:00.000000,18652,19,24,40,32,19,10,11,30,2019-07-17,2,23.125,21.5,False
224,2019-07-18 00:00:00.000000,20414,12,16,36,30,16,8,9,27,2019-07-18,3,19.25,16.0,False
225,2019-07-19 00:00:00.000000,17287,86,11,30,30,14,6,4,25,2019-07-19,4,25.75,19.5,False
226,2019-07-20 00:00:00.000000,17530,78,3,24,25,12,43,43,21,2019-07-20,5,31.125,24.5,False
227,2019-07-21 00:00:00.000000,19807,69,65,15,22,6,38,38,16,2019-07-21,6,33.625,30.0,True
228,2019-07-22 00:00:00.000000,18201,59,57,10,18,43,37,36,13,2019-07-22,0,34.125,36.5,False
229,2019-07-23 00:00:00.000000,20912,50,54,0,16,38,37,32,8,2019-07-23,1,29.375,34.5,False
230,2019-07-24 00:00:00.000000,17380,41,47,65,11,32,36,30,6,2019-07-24,2,33.5,34.0,False
231,2019-07-25 00:00:00.000000,18927,34,38,59,7,30,31,26,43,2019-07-25,3,33.5,32.5,True
232,2019-07-26 00:00:00.000000,19869,23,35,49,5,27,29,20,37,2019-07-26,4,28.125,28.0,False
233,2019-07-27 00:00:00.000000,18001,10,32,39,43,22,26,14,31,2019-07-27,5,27.125,28.5,False
234,2019-07-28 00:00:00.000000,20525,86,30,30,43,16,20,9,25,2019-07-28,6,32.375,27.5,False
235,2019-07-29 00:00:00.000000,18710,74,21,20,43,11,18,5,22,2019-07-29,0,26.75,20.5,False
236,2019-07-30 00:00:00.000000,20173,67,18,13,43,6,17,43,18,2019-07-30,1,28.125,18.0,False
237,2019-07-31 00:00:00.000000,18924,54,15,4,42,43,16,38,14,2019-07-31,2,28.25,27.0,False
238,2019-08-01 00:00:00.000000,18464,41,11,65,37,41,12,36,9,2019-08-01,3,31.5,36.5,True
239,2019-08-02 00:00:00.000000,18178,29,3,56,36,35,6,33,7,2019-08-02,4,25.625,31.0,True
240,2019-08-03 00:00:00.000000,17905,17,65,49,30,29,43,31,2,2019-08-03,5,33.25,30.5,False
241,2019-08-05 00:00:00.000000,18851,9,60,43,25,26,40,28,43,2019-08-05,0,34.25,34.0,False
242,2019-08-06 00:00:00.000000,17036,86,53,36,21,24,35,23,37,2019-08-06,1,39.375,35.5,False
243,2019-08-07 00:00:00.000000,20490,76,51,29,21,19,34,17,33,2019-08-07,2,35.0,31.0,False
244,2019-08-08 00:00:00.000000,20164,66,46,21,19,13,32,12,31,2019-08-08,3,30.0,26.0,False
245,2019-08-09 00:00:00.000000,20192,57,44,14,13,8,30,7,25,2019-08-09,4,24.75,19.5,False
246,2019-08-10 00:00:00.000000,18864,45,35,9,7,4,30,1,20,2019-08-10,5,18.875,14.5,False
247,2019-08-11 00:00:00.000000,20002,34,27,65,7,43,24,43,17,2019-08-11,6,32.5,30.5,False
248,2019-08-12 00:00:00.000000,19621,25,20,55,7,41,21,37,15,2019-08-12,0,27.625,23.0,True
249,2019-08-13 00:00:00.000000,19288,15,10,47,7,36,17,31,12,2019-08-13,1,21.875,16.0,True
250,2019-08-14 00:00:00.000000,17170,7,3,37,1,32,13,29,7,2019-08-14,2,16.125,10.0,True
251,2019-08-15 00:00:00.000000,20288,86,65,33,43,27,11,24,3,2019-08-15,3,36.5,30.0,True
252,2019-08-16 00:00:00.000000,17757,73,56,23,41,23,5,19,43,2019-08-16,4,35.375,32.0,True
253,2019-08-17 00:00:00.000000,20689,65,53,15,41,19,43,16,38,2019-08-17,5,36.25,39.5,False
254,2019-08-18 00:00:00.000000,19129,52,47,6,36,15,37,10,34,2019-08-18,6,29.625,35.0,False
255,2019-08-19 00:00:00.000000,19605,39,43,65,33,10,32,8,28,2019-08-19,0,32.25,32.5,False
256,2019-08-20 00:00:00.000000,17829,28,36,58,28,4,30,4,25,2019-08-20,1,26.625,28.0,False
257,2019-08-21 00:00:00.000000,19940,21,34,48,23,43,26,43,21,2019-08-21,2,32.375,30.0,True
258,2019-08-22 00:00:00.000000,20618,11,26,38,17,37,22,39,17,2019-08-22,3,25.875,24.0,False
259,2019-08-23 00:00:00.000000,20271,86,21,32,15,34,16,33,13,2019-08-23,4,31.25,26.5,True
260,2019-08-24 00:00:00.000000,16962,78,19,25,12,29,10,27,9,2019-08-24,5,26.125,22.0,False
261,2019-08-25 00:00:00.000000,19209,65,13,20,12,27,9,22,3,2019-08-25,6,21.375,16.5,True
262,2019-08-26 00:00:00.000000,19085,58,4,15,8,25,3,17,43,2019-08-26,0,21.625,16.0,False
263,2019-08-27 00:00:00.000000,20230,47,65,7,2,19,43,12,37,2019-08-27,1,29.0,28.0,False
264,2019-08-28 00:00:00.000000,19846,36,58,65,43,17,40,10,34,2019-08-28,2,37.875,38.0,False
265,2019-08-29 00:00:00.000000,18325,28,48,60,43,14,40,6,31,2019-08-29,3,33.75,35.5,False
266,2019-08-30 00:00:00.000000,20564,16,44,56,40,10,38,43,28,2019-08-30,4,34.375,39.0,False
267,2019-08-31 00:00:00.000000,17059,4,37,51,36,5,34,41,24,2019-08-31,5,29.0,35.0,True
268,2019-09-01 00:00:00.000000,17011,86,29,42,35,43,33,38,18,2019-09-01,6,40.5,36.5,False
269,2019-09-02 00:00:00.000000,17829,73,27,34,34,37,30,33,15,2019-09-02,0,35.375,33.5,False
270,2019-09-03 00:00:00.000000,17812,62,25,29,34,34,27,31,9,2019-09-03,1,31.375,30.0,False
271,2019-09-05 00:00:00.000000,19404,55,16,22,31,30,25,25,3,2019-09-05,3,25.875,25.0,False
272,2019-09-06 00:00:00.000000,19026,46,13,14,28,24,23,19,43,2019-09-06,4,26.25,23.5,False
273,2019-09-07 00:00:00.000000,19412,39,9,4,22,20,22,16,37,2019-09-07,5,21.125,21.0,False
274,2019-09-08 00:00:00.000000,19711,32,65,65,16,17,16,11,32,2019-09-08,6,31.75,24.5,True
275,2019-09-09 00:00:00.000000,20196,23,61,55,11,15,10,9,28,2019-09-09,0,26.5,19.0,False
276,2019-09-10 00:00:00.000000,17911,11,57,46,5,12,4,3,26,2019-09-10,1,20.5,11.5,True
277,2019-09-11 00:00:00.000000,19557,86,49,40,43,9,43,43,24,2019-09-11,2,42.125,43.0,False
278,2019-09-12 00:00:00.000000,20547,78,44,31,43,4,40,41,20,2019-09-12,3,37.625,40.5,True
279,2019-09-13 00:00:00.000000,18705,66,34,27,42,43,36,37,14,2019-09-13,4,37.375,36.5,False
280,2019-09-14 00:00:00.000000,17744,55,32,18,40,38,34,35,9,2019-09-14,5,32.625,34.5,False
281,2019-09-15 00:00:00.000000,19413,43,26,12,40,36,32,31,5,2019-09-15,6,28.125,31.5,False
282,2019-09-16 00:00:00.000000,19351,31,18,2,37,34,26,26,43,2019-09-16,0,27.125,28.5,True
283,2019-09-17 00:00:00.000000,17661,23,11,65,32,31,20,24,40,2019-09-17,1,30.75,27.5,False
284,2019-09-18 00:00:00.000000,19612,15,2,57,29,29,20,22,36,2019-09-18,2,26.25,25.5,True
285,2019-09-19 00:00:00.000000,18804,8,65,47,26,25,17,16,31,2019-09-19,3,29.375,25.5,True
286,2019-09-20 00:00:00.000000,17402,86,58,43,25,19,16,14,25,2019-09-20,4,35.75,25.0,True
287,2019-09-21 00:00:00.000000,20881,78,48,36,24,13,16,10,20,2019-09-21,5,30.625,22.0,False
288,2019-09-22 00:00:00.000000,19300,70,46,29,22,11,10,6,17,2019-09-22,6,26.375,19.5,False
289,2019-09-23 00:00:00.000000,20669,61,41,20,20,9,7,43,15,2019-09-23,0,27.0,20.0,False
290,2019-09-24 00:00:00.000000,19649,50,33,10,20,7,6,38,11,2019-09-24,1,21.875,15.5,True
291,2019-09-25 00:00:00.000000,19919,40,23,4,18,5,43,34,8,2019-09-25,2,21.875,20.5,True
292,2019-09-26 00:00:00.000000,17343,33,14,65,14,43,42,30,4,2019-09-26,3,30.625,31.5,True
293,2019-09-27 00:00:00.000000,20472,25,10,59,13,40,38,27,43,2019-09-27,4,31.875,32.5,False
294,2019-09-28 00:00:00.000000,17444,14,0,54,12,35,38,21,38,2019-09-28,5,26.5,28.0,True
295,2019-09-29 00:00:00.000000,18438,6,65,46,8,30,32,16,35,2019-09-29,6,29.75,31.0,False
296,2019-09-30 00:00:00.000000,17784,86,62,41,8,28,32,14,32,2019-09-30,0,37.875,32.0,True
297,2019-10-01 00:00:00.000000,20020,78,54,35,5,26,26,10,30,2019-10-01,1,33.0,28.0,True
298,2019-10-02 00:00:00.000000,19051,66,47,31,43,21,25,8,27,2019-10-02,2,33.5,29.0,False
299,2019-10-03 00:00:00.000000,19648,55,43,26,39,18,24,4,25,2019-10-03,3,29.25,25.5,False
300,2019-10-04 00:00:00.000000,17869,44,35,19,33,14,21,43,23,2019-10-04,4,29.0,28.0,True
301,2019-10-05 00:00:00.000000,17012,32,33,13,27,9,19,41,18,2019-10-05,5,24.0,23.0,False
302,2019-10-06 00:00:00.000000,17847,23,31,7,27,6,14,38,15,2019-10-06,6,20.125,19.0,True
303,2019-10-07 00:00:00.000000,19214,12,28,65,26,43,13,35,11,2019-10-07,0,29.125,27.0,True
304,2019-10-08 00:00:00.000000,20152,86,19,58,20,39,9,32,7,2019-10-08,1,33.75,26.0,False
305,2019-10-09 00:00:00.000000,17520,73,11,52,14,36,6,27,3,2019-10-09,2,27.75,20.5,False
306,2019-10-10 00:00:00.000000,18051,66,9,48,13,34,43,24,43,2019-10-10,3,35.0,38.5,False
307,2019-10-11 00:00:00.000000,20841,53,65,38,13,31,42,18,40,2019-10-11,4,37.5,39.0,False
308,2019-10-12 00:00:00.000000,20752,42,62,28,11,27,39,16,38,2019-10-12,5,32.875,33.0,False
309,2019-10-13 00:00:00.000000,18546,31,55,22,8,24,34,14,36,2019-10-13,6,28.0,27.5,False
310,2019-10-14 00:00:00.000000,18929,21,52,13,4,22,31,10,30,2019-10-14,0,22.875,21.5,True
311,2019-10-15 00:00:00.000000,19917,8,43,9,43,17,30,7,25,2019-10-15,1,22.75,21.0,False
312,2019-10-16 00:00:00.000000,19251,86,35,65,40,15,25,4,20,2019-10-16,2,36.25,30.0,True
313,2019-10-17 00:00:00.000000,18073,75,26,55,38,11,20,43,18,2019-10-17,3,35.75,32.0,True
314,2019-10-18 00:00:00.000000,18057,62,18,49,35,6,19,38,12,2019-10-18,4,29.875,27.0,False
315,2019-10-19 00:00:00.000000,19131,49,15,43,34,43,13,33,10,2019-10-19,5,30.0,33.5,True
316,2019-10-20 00:00:00.000000,19989,37,10,35,33,39,11,29,6,2019-10-20,6,25.0,31.0,False
317,2019-10-21 00:00:00.000000,19715,27,6,27,30,33,7,25,43,2019-10-21,0,24.75,27.0,True
318,2019-10-22 00:00:00.000000,20075,16,65,20,29,30,6,20,37,2019-10-22,1,27.875,24.5,False
319,2019-10-23 00:00:00.000000,20064,6,55,11,26,26,43,16,32,2019-10-23,2,26.875,26.0,False
320,2019-10-24 00:00:00.000000,18780,86,51,6,20,20,40,14,27,2019-10-24,3,33.0,23.5,False
321,2019-10-25 00:00:00.000000,20459,79,47,65,16,18,39,10,23,2019-10-25,4,37.125,31.0,False
322,2019-10-26 00:00:00.000000,17542,66,42,61,13,15,34,8,20,2019-10-26,5,32.375,27.0,False
323,2019-10-27 00:00:00.000000,18558,53,40,55,13,9,33,6,14,2019-10-27,6,27.875,23.5,False
324,2019-10-28 00:00:00.000000,19163,42,36,51,10,6,32,43,11,2019-10-28,0,28.875,34.0,True
325,2019-10-29 00:00:00.000000,19406,35,29,46,6,43,29,38,9,2019-10-29,1,29.375,32.0,False
326,2019-10-30 00:00:00.000000,18977,26,21,37,43,41,26,34,7,2019-10-30,2,29.375,30.0,False
327,2019-10-31 00:00:00.000000,19522,15,12,33,40,39,23,28,1,2019-10-31,3,23.875,25.5,False
328,2019-11-01 00:00:00.000000,17300,4,6,23,37,35,19,26,43,2019-11-01,4,24.125,24.5,True
329,2019-11-02 00:00:00.000000,20152,86,65,16,31,33,18,22,41,2019-11-02,5,39.0,32.0,False
330,2019-11-03 00:00:00.000000,20913,79,60,11,28,28,16,19,39,2019-11-03,6,35.0,28.0,False
331,2019-11-05 00:00:00.000000,19769,72,56,4,25,26,14,15,33,2019-11-05,1,30.625,25.5,False
332,2019-11-06 00:00:00.000000,20177,65,47,65,21,24,8,11,30,2019-11-06,2,33.875,27.0,False
333,2019-11-07 00:00:00.000000,17727,57,37,59,16,21,7,6,25,2019-11-07,3,28.5,23.0,True
334,2019-11-08 00:00:00.000000,17906,44,34,55,15,17,6,43,22,2019-11-08,4,29.5,28.0,False
335,2019-11-09 00:00:00.000000,18022,37,32,45,11,12,43,37,20,2019-11-09,5,29.625,34.5,False
336,2019-11-10 00:00:00.000000,20558,29,30,39,8,8,42,31,17,2019-11-10,6,25.5,29.5,True
337,2019-11-11 00:00:00.000000,20418,22,27,35,3,4,41,25,15,2019-11-11,0,21.5,23.5,True
338,2019-11-12 00:00:00.000000,17913,15,17,26,43,43,41,21,11,2019-11-12,1,27.125,23.5,True
339,2019-11-13 00:00:00.000000,17660,4,13,16,38,38,41,17,6,2019-11-13,2,21.625,16.5,False
340,2019-11-14 00:00:00.000000,18846,86,3,9,38,36,36,11,43,2019-11-14,3,32.75,36.0,False
341,2019-11-15 00:00:00.000000,18285,75,65,65,33,30,33,5,40,2019-11-15,4,43.25,36.5,False
342,2019-11-16 00:00:00.000000,19545,62,57,61,28,24,28,43,34,2019-11-16,5,42.125,38.5,False
343,2019-11-17 00:00:00.000000,18470,51,50,51,25,21,27,39,32,2019-11-17,6,37.0,35.5,False
344,2019-11-18 00:00:00.000000,18210,41,42,44,20,19,22,36,27,2019-11-18,0,31.375,31.5,False
345,2019-11-19 00:00:00.000000,17068,28,38,36,18,15,21,30,21,2019-11-19,1,25.875,24.5,False
346,2019-11-20 00:00:00.000000,19262,15,34,31,12,10,16,26,18,2019-11-20,2,20.25,17.0,True
347,2019-11-21 00:00:00.000000,20559,5,28,21,10,7,12,23,16,2019-11-21,3,15.25,14.0,True
348,2019-11-22 00:00:00.000000,20881,86,22,17,7,2,7,20,10,2019-11-22,4,21.375,13.5,False
349,2019-11-23 00:00:00.000000,17036,79,19,13,2,43,4,18,7,2019-11-23,5,23.125,15.5,False
350,2019-11-24 00:00:00.000000,18958,69,10,8,43,39,43,16,4,2019-11-24,6,29.0,27.5,True
351,2019-11-25 00:00:00.000000,18609,60,5,65,39,37,38,14,43,2019-11-25,0,37.625,38.5,False
352,2019-11-26 00:00:00.000000,20011,49,65,60,37,31,38,12,37,2019-11-26,1,41.125,37.5,False
353,2019-11-27 00:00:00.000000,17761,41,62,54,37,26,34,9,35,2019-11-27,2,37.25,36.0,False
354,2019-11-28 00:00:00.000000,19761,33,53,45,33,20,31,4,31,2019-11-28,3,31.25,32.0,True
355,2019-11-29 00:00:00.000000,19014,26,49,39,27,17,27,43,26,2019-11-29,4,31.75,27.0,False
356,2019-11-30 00:00:00.000000,20638,14,41,32,25,11,22,38,24,2019-11-30,5,25.875,24.5,False
357,2019-12-01 00:00:00.000000,17630,7,37,24,21,8,17,34,20,2019-12-01,6,21.0,20.5,False
358,2019-12-02 00:00:00.000000,17963,86,28,16,16,3,11,29,17,2019-12-02,0,25.75,16.5,False
359,2019-12-03 00:00:00.000000,18256,76,21,8,16,43,8,26,12,2019-12-03,1,26.25,18.5,False
360,2019-12-04 00:00:00.000000,20520,64,14,65,13,38,2,22,7,2019-12-04,2,28.125,18.0,True
361,2019-12-05 00:00:00.000000,18758,54,8,59,9,33,43,20,2,2019-12-05,3,28.5,26.5,False
362,2019-12-06 00:00:00.000000,20272,41,65,55,8,27,39,18,43,2019-12-06,4,37.0,40.0,True
363,2019-12-07 00:00:00.000000,18653,33,56,51,3,25,37,14,41,2019-12-07,5,32.5,35.0,False
364,2019-12-08 00:00:00.000000,19240,25,51,45,43,20,32,9,35,2019-12-08,6,32.5,33.5,True
365,2019-12-09 00:00:00.000000,17858,14,48,39,43,15,28,4,33,2019-12-09,0,28.0,30.5,True
366,2019-12-10 00:00:00.000000,17594,7,45,29,40,9,23,43,30,2019-12-10,1,28.25,29.5,True
367,2019-12-11 00:00:00.000000,19430,86,36,22,36,7,22,37,27,2019-12-11,2,34.125,31.5,False
368,2019-12-12 00:00:00.000000,18368,73,27,13,36,4,20,34,23,2019-12-12,3,28.75,25.0,True
369,2019-12-13 00:00:00.000000,16959,62,19,8,31,43,14,29,20,2019-12-13,4,28.25,24.5,True
370,2019-12-14 00:00:00.000000,20493,49,15,65,27,38,13,25,17,2019-12-14,5,31.125,26.0,False
371,2019-12-15 00:00:00.000000,20120,38,6,55,25,33,11,21,15,2019-12-15,6,25.5,23.0,False
372,2019-12-16 00:00:00.000000,18145,27,65,45,24,30,6,19,11,2019-12-16,0,28.375,25.5,False
373,2019-12-17 00:00:00.000000,20023,16,56,36,18,26,43,14,7,2019-12-17,1,27.0,22.0,False
374,2019-12-18 00:00:00.000000,19536,9,47,26,18,21,37,10,5,2019-12-18,2,21.625,19.5,False
375,2019-12-19 00:00:00.000000,20674,86,44,20,15,17,31,4,43,2019-12-19,3,32.5,25.5,False
376,2019-12-20 00:00:00.000000,18905,73,37,11,15,13,30,43,41,2019-12-20,4,32.875,33.5,True
377,2019-12-21 00:00:00.000000,20572,63,28,3,15,11,24,39,35,2019-12-21,5,27.25,26.0,False
378,2019-12-22 00:00:00.000000,17988,52,22,65,15,5,23,33,33,2019-12-22,6,31.0,28.0,False
379,2019-12-23 00:00:00.000000,17907,39,17,58,11,43,23,27,28,2019-12-23,0,30.75,27.5,False
380,2019-12-24 00:00:00.000000,17442,29,7,48,11,38,20,22,26,2019-12-24,1,25.125,24.0,False
381,2019-12-25 00:00:00.000000,20920,22,65,39,8,33,18,19,24,2019-12-25,2,28.5,23.0,False
382,2019-12-26 00:00:00.000000,19840,14,61,32,6,31,16,14,19,2019-12-26,3,24.125,17.5,True
383,2019-12-27 00:00:00.000000,19781,3,54,26,43,26,10,10,16,2019-12-27,4,23.5,21.0,True
384,2019-12-28 00:00:00.000000,18021,86,46,21,37,24,9,5,14,2019-12-28,5,30.25,22.5,True
385,2019-12-29 00:00:00.000000,20761,74,37,13,36,22,4,43,12,2019-12-29,6,30.125,29.0,False
386,2019-12-30 00:00:00.000000,19692,66,29,3,30,17,43,37,10,2019-12-30,0,29.375,29.5,False
387,2019-12-31 00:00:00.000000,17235,58,19,65,27,14,39,31,8,2019-12-31,1,32.625,29.0,False
388,2020-01-01 00:00:00.000000,20735,47,16,60,27,9,34,28,6,2020-01-01,2,28.375,27.5,True
389,2020-01-02 00:00:00.000000,20223,39,9,56,26,4,28,24,43,2020-01-02,3,28.625,27.0,False
390,2020-01-03 00:00:00.000000,17253,31,65,50,26,43,28,20,37,2020-01-03,4,37.5,34.0,False
391,2018-01-01 00:00:00.000000,24780,86,65,65,43,43,43,43,43,2018-01-01,0,53.875,43.0,False
392,2018-01-02 00:00:00.000000,25203,73,58,61,42,40,40,40,38,2018-01-02,1,49.0,41.0,False
393,2018-01-03 00:00:00.000000,24875,62,53,54,38,37,37,38,35,2018-01-03,2,44.25,38.0,False
394,2018-01-04 00:00:00.000000,26444,52,50,50,33,33,33,32,32,2018-01-04,3,39.375,33.0,False
395,2018-01-05 00:00:00.000000,27784,44,45,46,32,30,29,30,29,2018-01-05,4,35.625,31.0,False
396,2018-01-06 00:00:00.000000,25405,34,43,37,30,26,27,24,24,2018-01-06,5,30.625,28.5,False
397,2018-01-07 00:00:00.000000,24492,26,34,28,26,22,21,20,18,2018-01-07,6,24.375,24.0,False
398,2018-01-08 00:00:00.000000,25533,14,27,18,20,19,19,17,16,2018-01-08,0,18.75,18.5,True
399,2018-01-09 00:00:00.000000,24821,6,17,13,15,15,13,15,12,2018-01-09,1,13.25,14.0,True
400,2018-01-10 00:00:00.000000,26940,86,8,5,14,9,11,9,8,2018-01-10,2,18.75,9.0,False
401,2018-01-11 00:00:00.000000,25680,75,65,65,13,7,5,6,2,2018-01-11,3,29.75,10.0,False
402,2018-01-12 00:00:00.000000,27295,68,61,58,13,4,43,43,43,2018-01-12,4,41.625,43.0,False
403,2018-01-13 00:00:00.000000,25342,60,55,48,7,43,42,41,39,2018-01-13,5,41.875,42.5,False
404,2018-01-14 00:00:00.000000,26565,50,49,41,7,39,37,39,36,2018-01-14,6,37.25,39.0,False
405,2018-01-15 00:00:00.000000,24012,38,47,33,1,36,31,33,33,2018-01-15,0,31.5,33.0,False
406,2018-01-16 00:00:00.000000,25921,31,42,28,43,32,25,30,29,2018-01-16,1,32.5,30.5,True
407,2018-01-17 00:00:00.000000,27561,21,35,24,43,27,23,25,26,2018-01-17,2,28.0,25.5,False
408,2018-01-18 00:00:00.000000,27262,11,27,18,39,21,22,21,20,2018-01-18,3,22.375,21.0,False
409,2018-01-19 00:00:00.000000,24792,86,22,9,37,15,19,18,18,2018-01-19,4,28.0,18.5,True
410,2018-01-20 00:00:00.000000,25665,77,17,65,34,11,17,13,15,2018-01-20,5,31.125,17.0,False
411,2018-01-21 00:00:00.000000,27237,66,14,55,33,7,13,11,9,2018-01-21,6,26.0,13.5,False
412,2018-01-22 00:00:00.000000,26424,56,6,48,28,2,12,7,5,2018-01-22,0,20.5,9.5,True
413,2018-01-23 00:00:00.000000,26355,44,65,43,28,43,7,1,43,2018-01-23,1,34.25,43.0,False
414,2018-01-24 00:00:00.000000,24173,32,55,37,22,40,6,43,38,2018-01-24,2,34.125,37.5,False
415,2018-01-25 00:00:00.000000,26355,25,50,29,18,38,43,37,32,2018-01-25,3,34.0,34.5,False
416,2018-01-26 00:00:00.000000,25273,18,42,25,16,36,37,33,26,2018-01-26,4,29.125,29.5,False
417,2018-01-27 00:00:00.000000,27728,5,37,19,16,31,33,30,21,2018-01-27,5,24.0,25.5,False
418,2018-01-28 00:00:00.000000,24944,86,28,9,10,25,29,24,19,2018-01-28,6,28.75,24.5,True
419,2018-01-29 00:00:00.000000,27267,74,18,65,6,22,23,20,14,2018-01-29,0,30.25,21.0,False
420,2018-01-30 00:00:00.000000,24598,63,12,60,43,16,19,18,10,2018-01-30,1,30.125,18.5,False
421,2018-02-01 00:00:00.000000,24649,52,9,54,38,12,16,16,6,2018-02-01,3,25.375,16.0,False
422,2018-02-02 00:00:00.000000,26280,45,65,47,32,8,11,11,43,2018-02-02,4,32.75,37.5,False
423,2018-02-03 00:00:00.000000,26834,36,56,43,26,4,5,7,40,2018-02-03,5,27.125,31.0,False
424,2018-02-04 00:00:00.000000,27520,23,53,33,20,43,43,1,38,2018-02-04,6,31.75,35.5,False
425,2018-02-05 00:00:00.000000,27260,10,46,29,17,38,37,43,33,2018-02-05,0,31.625,35.0,False
426,2018-02-06 00:00:00.000000,24812,86,44,19,17,36,32,40,31,2018-02-06,1,38.125,34.0,False
427,2018-02-07 00:00:00.000000,27018,76,41,14,17,31,32,34,26,2018-02-07,2,33.875,31.5,False
428,2018-02-08 00:00:00.000000,26327,65,35,5,16,26,29,29,24,2018-02-08,3,28.625,27.5,False
429,2018-02-09 00:00:00.000000,25692,55,32,65,12,21,27,26,22,2018-02-09,4,32.5,26.5,True
430,2018-02-10 00:00:00.000000,27734,42,30,60,10,18,23,20,20,2018-02-10,5,27.875,21.5,False
431,2018-02-11 00:00:00.000000,27717,30,27,56,5,14,20,14,15,2018-02-11,6,22.625,17.5,False
432,2018-02-12 00:00:00.000000,23914,23,23,51,43,10,18,9,12,2018-02-12,0,23.625,20.5,True
433,2018-02-13 00:00:00.000000,25578,14,15,47,38,7,18,5,10,2018-02-13,1,19.25,14.5,False
434,2018-02-14 00:00:00.000000,25688,6,10,38,33,5,18,43,8,2018-02-14,2,20.125,14.0,True
435,2018-02-15 00:00:00.000000,23882,86,2,28,33,43,15,41,3,2018-02-15,3,31.375,30.5,True
436,2018-02-16 00:00:00.000000,24248,74,65,22,30,38,11,39,43,2018-02-16,4,40.25,38.5,True
437,2018-02-17 00:00:00.000000,27406,64,59,17,26,32,11,34,37,2018-02-17,5,35.0,33.0,False
438,2018-02-18 00:00:00.000000,24973,52,56,7,20,30,7,28,34,2018-02-18,6,29.25,29.0,True
439,2018-02-19 00:00:00.000000,24788,45,52,65,15,24,6,23,28,2018-02-19,0,32.25,26.0,False
440,2018-02-20 00:00:00.000000,26882,37,50,56,13,18,43,20,24,2018-02-20,1,32.625,30.5,False
441,2018-02-21 00:00:00.000000,26856,30,41,51,12,14,40,14,22,2018-02-21,2,28.0,26.0,False
442,2018-02-22 00:00:00.000000,27125,17,39,46,6,11,40,12,16,2018-02-22,3,23.375,16.5,False
443,2018-02-23 00:00:00.000000,23978,5,31,42,43,5,37,8,12,2018-02-23,4,22.875,21.5,False
444,2018-02-24 00:00:00.000000,23947,86,28,33,43,43,37,4,8,2018-02-24,5,35.25,35.0,False
445,2018-02-25 00:00:00.000000,27033,79,24,26,43,37,35,43,5,2018-02-25,6,36.5,36.0,True
446,2018-02-26 00:00:00.000000,25514,71,22,17,37,34,33,41,43,2018-02-26,0,37.25,35.5,False
447,2018-02-27 00:00:00.000000,25654,61,12,11,31,28,31,36,37,2018-02-27,1,30.875,31.0,False
448,2018-02-28 00:00:00.000000,25146,48,10,7,31,23,31,31,31,2018-02-28,2,26.5,31.0,True
449,2018-03-01 00:00:00.000000,24965,40,6,65,31,20,31,29,26,2018-03-01,3,31.0,30.0,True
450,2019-03-02 00:00:00.000000,26677,28,65,57,30,16,27,26,20,2019-03-02,5,33.625,27.5,False
451,2018-03-03 00:00:00.000000,24296,16,55,48,26,11,25,21,14,2018-03-03,5,27.0,23.0,True
452,2018-03-04 00:00:00.000000,24302,8,51,41,26,8,24,15,12,2018-03-04,6,23.125,19.5,True
453,2018-03-05 00:00:00.000000,27768,86,42,37,24,3,23,12,9,2018-03-05,0,29.5,23.5,True
454,2018-03-06 00:00:00.000000,25375,74,33,28,18,43,23,6,7,2018-03-06,1,29.0,25.5,False
455,2018-03-07 00:00:00.000000,25740,67,25,24,15,39,18,43,3,2018-03-07,2,29.25,24.5,False
456,2018-03-08 00:00:00.000000,26020,60,21,19,14,33,14,41,43,2018-03-08,3,30.625,27.0,False
457,2018-03-09 00:00:00.000000,27568,52,15,11,9,31,9,39,37,2018-03-09,4,25.375,23.0,False
458,2018-03-10 00:00:00.000000,26171,39,12,7,5,29,5,35,35,2018-03-10,5,20.875,20.5,True
459,2018-03-11 00:00:00.000000,26394,32,6,65,43,26,43,29,31,2018-03-11,6,34.375,31.5,False
460,2018-03-12 00:00:00.000000,24921,23,65,58,40,20,43,23,27,2018-03-12,0,37.375,33.5,False
461,2018-03-13 00:00:00.000000,26884,14,57,49,35,16,43,20,23,2018-03-13,1,32.125,29.0,False
462,2018-03-14 00:00:00.000000,27014,1,51,42,35,14,37,15,19,2018-03-14,2,26.75,27.0,True
463,2018-03-15 00:00:00.000000,24217,86,48,35,35,8,33,11,17,2018-03-15,3,34.125,34.0,False
464,2018-03-16 00:00:00.000000,24518,79,41,27,29,6,30,6,14,2018-03-16,4,29.0,28.0,False
465,2018-03-17 00:00:00.000000,25652,70,35,18,26,43,26,43,11,2018-03-17,5,34.0,30.5,False
466,2018-03-18 00:00:00.000000,27247,58,27,8,25,38,23,41,6,2018-03-18,6,28.25,26.0,False
467,2018-03-19 00:00:00.000000,24443,50,18,65,25,36,17,37,43,2018-03-19,0,36.375,36.5,False
468,2018-03-20 00:00:00.000000,24568,41,10,59,25,30,13,35,37,2018-03-20,1,31.25,32.5,False
469,2018-03-21 00:00:00.000000,26777,29,2,50,19,28,7,30,33,2018-03-21,2,24.75,28.5,True
470,2018-03-22 00:00:00.000000,27619,16,65,42,14,23,7,27,29,2018-03-22,3,27.875,25.0,False
471,2018-03-23 00:00:00.000000,26847,4,56,34,9,21,2,23,27,2018-03-23,4,22.0,22.0,False
472,2018-03-24 00:00:00.000000,27599,86,54,26,7,19,43,19,23,2018-03-24,5,34.625,24.5,True
473,2018-03-25 00:00:00.000000,25589,73,49,20,5,16,43,15,18,2018-03-25,6,29.875,19.0,False
474,2018-03-26 00:00:00.000000,23895,63,45,12,43,12,39,9,13,2018-03-26,0,29.5,26.0,False
475,2018-03-27 00:00:00.000000,25037,54,39,4,37,7,33,4,8,2018-03-27,1,23.25,20.5,True
476,2018-03-28 00:00:00.000000,25644,47,32,65,31,4,32,43,6,2018-03-28,2,32.5,32.0,False
477,2018-03-29 00:00:00.000000,27627,34,27,56,26,43,32,41,43,2018-03-29,3,37.75,37.5,False
478,2018-03-30 00:00:00.000000,24811,27,22,49,22,40,32,38,41,2018-03-30,4,33.875,35.0,False
479,2018-03-31 00:00:00.000000,26309,16,20,42,22,34,26,34,35,2018-03-31,5,28.625,30.0,False
480,2018-04-01 00:00:00.000000,27804,8,17,37,21,29,25,31,32,2018-04-01,6,25.0,27.0,False
481,2018-04-03 00:00:00.000000,25589,86,11,32,18,24,19,26,27,2018-04-03,1,30.375,25.0,False
482,2018-04-04 00:00:00.000000,26711,79,6,23,17,22,16,21,22,2018-04-04,2,25.75,21.5,True
483,2018-04-05 00:00:00.000000,25261,72,65,13,12,16,13,15,19,2018-04-05,3,28.125,15.5,True
484,2018-04-06 00:00:00.000000,27428,61,56,6,12,12,7,10,16,2018-04-06,4,22.5,12.0,False
485,2018-04-07 00:00:00.000000,25791,53,52,65,7,7,6,7,13,2018-04-07,5,26.25,10.0,False
486,2018-04-08 00:00:00.000000,25631,41,49,61,3,4,43,2,11,2018-04-08,6,26.75,26.0,False
487,2018-04-09 00:00:00.000000,24432,33,41,54,43,43,37,43,7,2018-04-09,0,37.625,42.0,True
488,2018-04-10 00:00:00.000000,27483,23,33,48,39,37,35,38,1,2018-04-10,1,31.75,36.0,False
489,2018-04-11 00:00:00.000000,24688,10,26,41,38,31,35,34,43,2018-04-11,2,32.25,34.5,False
490,2018-04-12 00:00:00.000000,27655,86,19,33,34,25,32,32,37,2018-04-12,3,37.25,32.5,False
491,2018-04-13 00:00:00.000000,27477,79,9,24,32,20,27,29,31,2018-04-13,4,31.375,28.0,False
492,2018-04-14 00:00:00.000000,27397,66,65,18,31,14,22,25,29,2018-04-14,5,33.75,27.0,False
493,2018-04-15 00:00:00.000000,24136,54,57,10,31,11,18,23,23,2018-04-15,6,28.375,23.0,False
494,2018-04-16 00:00:00.000000,25008,47,47,0,30,9,13,18,17,2018-04-16,0,22.625,17.5,True
495,2018-04-17 00:00:00.000000,27024,35,45,65,28,7,9,13,11,2018-04-17,1,26.625,20.5,False
496,2018-04-18 00:00:00.000000,25810,28,37,59,23,2,8,11,9,2018-04-18,2,22.125,17.0,True
497,2018-04-19 00:00:00.000000,24597,16,35,51,23,43,4,7,7,2018-04-19,3,23.25,19.5,False
498,2018-04-20 00:00:00.000000,24567,8,25,45,20,41,43,3,1,2018-04-20,4,23.25,22.5,False
499,2018-04-21 00:00:00.000000,24277,86,23,40,17,39,37,43,43,2018-04-21,5,41.0,39.5,False
500,2018-04-22 00:00:00.000000,24039,74,15,36,17,35,32,40,39,2018-04-22,6,36.0,35.5,False
501,2018-04-23 00:00:00.000000,25242,65,10,29,16,29,31,35,34,2018-04-23,0,31.125,30.0,False
502,2018-04-24 00:00:00.000000,24891,57,3,24,11,24,30,32,29,2018-04-24,1,26.25,26.5,True
503,2018-04-25 00:00:00.000000,25596,45,65,18,5,22,30,28,24,2018-04-25,2,29.625,26.0,False
504,2018-04-26 00:00:00.000000,24698,32,60,13,43,18,26,22,22,2018-04-26,3,29.5,24.0,True
505,2018-04-27 00:00:00.000000,25488,23,51,6,43,15,22,17,17,2018-04-27,4,24.25,19.5,False
506,2018-04-28 00:00:00.000000,25165,13,44,65,42,11,20,15,15,2018-04-28,5,28.125,17.5,False
507,2018-04-29 00:00:00.000000,26936,5,37,58,42,6,14,12,9,2018-04-29,6,22.875,13.0,True
508,2018-04-30 00:00:00.000000,26057,86,29,48,41,43,13,7,7,2018-04-30,0,34.25,35.0,False
509,2018-05-01 00:00:00.000000,27287,77,26,38,39,37,8,1,2,2018-05-01,1,28.5,31.5,True
510,2018-05-02 00:00:00.000000,27787,69,24,28,36,35,2,43,43,2018-05-02,2,35.0,35.5,False
511,2018-05-03 00:00:00.000000,26825,59,20,22,31,29,43,40,37,2018-05-03,3,35.125,34.0,True
512,2018-05-04 00:00:00.000000,27591,48,12,12,28,23,38,37,33,2018-05-04,4,28.875,30.5,False
513,2018-05-05 00:00:00.000000,27391,39,3,5,22,21,32,31,27,2018-05-05,5,22.5,24.5,True
514,2018-05-06 00:00:00.000000,25142,26,65,65,17,19,31,27,25,2018-05-06,6,34.375,26.5,False
515,2018-05-07 00:00:00.000000,26522,14,59,57,13,14,26,24,20,2018-05-07,0,28.375,22.0,False
516,2018-05-08 00:00:00.000000,27778,3,52,52,13,9,21,19,17,2018-05-08,1,23.25,18.0,False
517,2018-05-09 00:00:00.000000,24810,86,45,42,10,3,16,15,13,2018-05-09,2,28.75,15.5,True
518,2018-05-10 00:00:00.000000,25629,79,40,33,10,43,12,10,7,2018-05-10,3,29.25,22.5,False
519,2018-05-11 00:00:00.000000,24179,72,32,27,7,38,9,5,3,2018-05-11,4,24.125,18.0,False
520,2018-05-12 00:00:00.000000,27352,64,22,20,7,33,3,43,43,2018-05-12,5,29.375,27.5,True
521,2018-05-13 00:00:00.000000,25752,51,16,11,3,29,43,37,39,2018-05-13,6,28.625,33.0,True
522,2018-05-14 00:00:00.000000,26933,41,8,2,43,23,41,32,34,2018-05-14,0,28.0,33.0,False
523,2018-05-15 00:00:00.000000,24963,32,65,65,43,17,40,26,28,2018-05-15,1,39.5,36.0,False
524,2018-05-16 00:00:00.000000,25915,24,57,57,37,13,36,21,26,2018-05-16,2,33.875,31.0,True
525,2018-05-17 00:00:00.000000,24907,16,52,53,32,7,33,19,23,2018-05-17,3,29.375,27.5,True
526,2018-05-18 00:00:00.000000,24320,8,46,46,30,4,33,14,18,2018-05-18,4,24.875,24.0,False
527,2018-05-19 00:00:00.000000,26734,86,40,41,28,43,30,12,12,2018-05-19,5,36.5,35.0,True
528,2018-05-20 00:00:00.000000,26003,74,30,34,26,38,27,6,6,2018-05-20,6,30.125,28.5,False
529,2018-05-21 00:00:00.000000,24924,62,22,28,26,33,24,43,43,2018-05-21,0,35.125,30.5,False
530,2018-05-22 00:00:00.000000,27139,55,16,21,23,30,18,40,38,2018-05-22,1,30.125,26.5,False
531,2018-05-23 00:00:00.000000,25035,47,6,12,17,25,12,37,32,2018-05-23,2,23.5,21.0,False
532,2018-05-24 00:00:00.000000,27311,40,65,8,12,23,8,33,29,2018-05-24,3,27.25,26.0,False
533,2018-05-25 00:00:00.000000,25913,30,57,65,10,19,3,31,25,2018-05-25,4,30.0,27.5,False
534,2018-05-26 00:00:00.000000,24328,20,48,55,6,15,43,25,22,2018-05-26,5,29.25,23.5,False
535,2018-05-27 00:00:00.000000,24941,10,40,51,43,9,43,19,18,2018-05-27,6,29.125,29.5,True
536,2018-05-28 00:00:00.000000,24169,86,33,46,40,6,39,13,13,2018-05-28,0,34.5,36.0,False
537,2018-05-29 00:00:00.000000,26125,78,28,40,39,43,35,11,11,2018-05-29,1,35.625,37.0,False
538,2018-05-30 00:00:00.000000,26891,67,21,35,35,39,34,6,6,2018-05-30,2,30.375,34.5,False
539,2018-05-31 00:00:00.000000,25968,57,11,27,32,35,34,43,43,2018-05-31,3,35.25,34.5,False
540,2018-06-01 00:00:00.000000,27263,47,6,18,29,30,34,41,41,2018-06-01,4,30.75,32.0,False
541,2018-06-03 00:00:00.000000,25283,35,65,13,27,28,33,39,37,2018-06-03,6,34.625,34.0,False
542,2018-06-04 00:00:00.000000,27466,23,58,7,23,26,33,37,32,2018-06-04,0,29.875,29.0,True
543,2018-06-05 00:00:00.000000,25279,13,53,65,19,23,31,33,28,2018-06-05,1,33.125,29.5,True
544,2018-06-06 00:00:00.000000,24712,0,47,59,19,18,31,30,26,2018-06-06,2,28.75,28.0,True
545,2018-06-07 00:00:00.000000,24770,86,42,52,16,16,25,28,20,2018-06-07,3,35.625,26.5,False
546,2018-06-08 00:00:00.000000,25565,74,32,42,10,13,23,24,15,2018-06-08,4,29.125,23.5,False
547,2018-06-09 00:00:00.000000,24398,67,22,32,4,11,21,18,11,2018-06-09,5,23.25,19.5,False
548,2018-06-10 00:00:00.000000,23978,57,12,22,43,8,20,12,8,2018-06-10,6,22.75,16.0,True
549,2018-06-11 00:00:00.000000,25934,44,3,18,37,3,14,8,2,2018-06-11,0,16.125,11.0,True
550,2018-06-12 00:00:00.000000,27866,36,65,14,36,43,13,4,43,2018-06-12,1,31.75,36.0,False
551,2018-06-13 00:00:00.000000,25830,27,57,6,35,40,12,43,40,2018-06-13,2,32.5,37.5,False
552,2018-06-14 00:00:00.000000,26576,14,50,65,30,36,8,39,37,2018-06-14,3,34.875,36.5,False
553,2018-06-15 00:00:00.000000,25044,2,45,55,26,32,8,37,33,2018-06-15,4,29.75,32.5,False
554,2018-06-16 00:00:00.000000,24814,86,41,47,22,26,6,34,31,2018-06-16,5,36.625,32.5,False
555,2018-06-17 00:00:00.000000,27804,79,36,39,20,21,43,30,29,2018-06-17,6,37.125,33.0,True
556,2018-06-18 00:00:00.000000,25770,66,29,33,14,15,38,28,24,2018-06-18,0,30.875,28.5,True
557,2018-06-19 00:00:00.000000,24183,59,21,23,8,11,34,25,22,2018-06-19,1,25.375,22.5,False
558,2018-06-20 00:00:00.000000,26493,49,13,13,7,6,31,23,16,2018-06-20,2,19.75,14.5,False
559,2018-06-21 00:00:00.000000,27216,36,3,8,1,43,30,17,10,2018-06-21,3,18.5,13.5,True
560,2018-06-22 00:00:00.000000,25098,27,65,65,43,38,25,12,8,2018-06-22,4,35.375,32.5,False
561,2018-06-23 00:00:00.000000,25782,17,59,56,43,32,21,6,5,2018-06-23,5,29.875,26.5,False
562,2018-06-24 00:00:00.000000,27363,10,54,49,42,29,20,43,43,2018-06-24,6,36.25,42.5,True
563,2018-06-25 00:00:00.000000,27225,86,46,39,36,25,19,39,40,2018-06-25,0,41.25,39.0,False
564,2018-06-26 00:00:00.000000,26168,73,44,35,30,23,14,37,35,2018-06-26,1,36.375,35.0,False
565,2018-06-27 00:00:00.000000,25678,63,35,25,28,21,8,32,31,2018-06-27,2,30.375,29.5,True
566,2018-06-28 00:00:00.000000,24277,54,25,20,24,17,7,26,27,2018-06-28,3,25.0,24.5,False
567,2018-06-29 00:00:00.000000,26934,45,23,10,18,12,6,20,24,2018-06-29,4,19.75,19.0,True
568,2018-06-30 00:00:00.000000,27050,34,19,5,14,8,43,17,22,2018-06-30,5,20.25,18.0,True
569,2018-07-01 00:00:00.000000,26016,22,14,65,13,5,42,15,16,2018-07-01,6,24.0,15.5,False
570,2018-07-02 00:00:00.000000,26399,15,5,61,9,43,40,13,14,2018-07-02,0,25.0,14.5,True
571,2018-07-03 00:00:00.000000,25069,2,65,54,5,41,34,11,8,2018-07-03,1,27.5,22.5,True
572,2018-07-04 00:00:00.000000,26983,86,60,45,43,36,29,5,5,2018-07-04,2,38.625,39.5,True
573,2018-07-05 00:00:00.000000,26261,74,50,41,38,30,24,43,43,2018-07-05,3,42.875,42.0,False
574,2018-07-06 00:00:00.000000,26542,63,43,35,36,25,19,37,39,2018-07-06,4,37.125,36.5,False
575,2018-07-07 00:00:00.000000,27258,54,37,28,35,21,15,31,36,2018-07-07,5,32.125,33.0,False
576,2018-07-08 00:00:00.000000,25638,46,34,22,31,18,14,26,33,2018-07-08,6,28.0,28.5,False
577,2018-07-09 00:00:00.000000,27538,35,30,13,31,13,13,23,29,2018-07-09,0,23.375,26.0,True
578,2018-07-10 00:00:00.000000,24269,26,22,8,26,8,8,20,26,2018-07-10,1,18.0,21.0,False
579,2018-07-11 00:00:00.000000,25605,13,15,65,22,4,6,14,21,2018-07-11,2,20.0,14.5,False
580,2018-07-12 00:00:00.000000,26423,4,5,56,17,43,43,12,15,2018-07-12,3,24.375,16.0,True
581,2018-07-13 00:00:00.000000,27846,86,65,52,11,41,38,7,11,2018-07-13,4,38.875,39.5,False
582,2018-07-14 00:00:00.000000,27434,74,61,45,6,37,35,2,9,2018-07-14,5,33.625,36.0,False
583,2018-07-15 00:00:00.000000,27592,62,51,41,43,31,29,43,3,2018-07-15,6,37.875,42.0,False
584,2018-07-16 00:00:00.000000,27162,50,47,37,39,27,28,38,43,2018-07-16,0,38.625,38.5,False
585,2018-07-17 00:00:00.000000,27740,41,44,31,36,23,27,33,41,2018-07-17,1,34.5,34.5,False
586,2018-07-18 00:00:00.000000,27612,29,37,23,36,17,25,27,36,2018-07-18,2,28.75,28.0,False
587,2018-07-19 00:00:00.000000,25138,18,33,14,31,12,23,24,34,2018-07-19,3,23.625,23.5,False
588,2018-07-20 00:00:00.000000,26881,11,23,10,26,9,18,21,32,2018-07-20,4,18.75,19.5,True
589,2018-07-21 00:00:00.000000,24369,86,18,5,21,6,13,16,30,2018-07-21,5,24.375,17.0,True
590,2018-07-22 00:00:00.000000,25254,76,13,65,16,43,13,14,28,2018-07-22,6,33.5,22.0,False
591,2018-07-23 00:00:00.000000,26046,65,4,56,16,39,12,9,22,2018-07-23,0,27.875,19.0,False
592,2018-07-24 00:00:00.000000,24147,54,65,48,11,37,8,5,19,2018-07-24,1,30.875,28.0,True
593,2018-07-25 00:00:00.000000,25084,47,63,43,11,34,4,43,16,2018-07-25,2,32.625,38.5,True
594,2018-07-26 00:00:00.000000,27181,35,58,37,7,28,43,37,14,2018-07-26,3,32.375,36.0,False
595,2018-07-27 00:00:00.000000,24407,26,52,29,4,24,40,33,9,2018-07-27,4,27.125,27.5,False
596,2018-07-28 00:00:00.000000,26741,17,47,19,43,22,37,28,7,2018-07-28,5,27.5,25.0,True
597,2018-07-29 00:00:00.000000,26676,5,39,15,42,20,34,26,4,2018-07-29,6,23.125,23.0,True
598,2018-07-30 00:00:00.000000,26408,86,30,8,42,14,33,23,43,2018-07-30,0,34.875,31.5,False
599,2018-07-31 00:00:00.000000,26895,78,23,65,42,9,31,18,37,2018-07-31,1,37.875,34.0,False
600,2018-08-01 00:00:00.000000,25689,67,15,58,42,4,25,12,35,2018-08-01,2,32.25,30.0,False
601,2018-08-03 00:00:00.000000,24445,56,5,52,37,43,24,10,33,2018-08-03,4,32.5,35.0,True
602,2018-08-04 00:00:00.000000,25206,47,65,45,36,39,24,6,30,2018-08-04,5,36.5,37.5,True
603,2018-08-05 00:00:00.000000,27823,34,60,40,36,34,20,43,24,2018-08-05,6,36.375,35.0,False
604,2018-08-06 00:00:00.000000,25609,23,54,33,30,30,14,38,21,2018-08-06,0,30.375,30.0,False
605,2018-08-07 00:00:00.000000,24602,13,48,27,28,24,12,34,19,2018-08-07,1,25.625,25.5,False
606,2018-08-08 00:00:00.000000,25214,3,40,18,24,22,10,29,14,2018-08-08,2,20.0,20.0,True
607,2018-08-09 00:00:00.000000,27010,86,32,10,18,20,8,25,12,2018-08-09,3,26.375,19.0,True
608,2018-08-10 00:00:00.000000,24414,78,29,5,16,17,3,23,9,2018-08-10,4,22.5,16.5,True
609,2018-08-11 00:00:00.000000,24393,66,27,65,14,11,43,20,5,2018-08-11,5,31.375,23.5,True
610,2018-08-12 00:00:00.000000,27397,58,25,55,8,6,39,18,43,2018-08-12,6,31.5,32.0,True
611,2018-08-13 00:00:00.000000,26107,48,21,46,5,43,35,13,38,2018-08-13,0,31.125,36.5,False
612,2018-08-14 00:00:00.000000,26763,35,16,38,43,41,30,9,34,2018-08-14,1,30.75,34.5,False
613,2018-08-15 00:00:00.000000,24338,22,12,32,39,35,29,5,31,2018-08-15,2,25.625,30.0,True
614,2018-08-16 00:00:00.000000,27723,11,5,27,35,29,24,43,26,2018-08-16,3,25.0,26.5,False
615,2018-08-17 00:00:00.000000,26051,86,65,19,29,27,18,38,22,2018-08-17,4,38.0,28.0,True
616,2018-08-18 00:00:00.000000,24745,76,61,11,26,21,14,33,17,2018-08-18,5,32.375,23.5,False
617,2018-08-19 00:00:00.000000,27007,66,52,4,23,15,10,27,14,2018-08-19,6,26.375,19.0,False
618,2018-08-20 00:00:00.000000,26183,56,47,65,21,11,8,22,12,2018-08-20,0,30.25,21.5,True
619,2018-08-21 00:00:00.000000,25318,49,39,55,17,9,4,20,9,2018-08-21,1,25.25,18.5,False
620,2018-08-22 00:00:00.000000,25246,39,37,48,12,5,43,16,5,2018-08-22,2,25.625,26.5,True
621,2018-08-23 00:00:00.000000,27540,32,29,44,10,43,38,12,43,2018-08-23,3,31.375,35.0,True
622,2018-08-24 00:00:00.000000,24708,21,26,35,5,39,34,6,39,2018-08-24,4,25.625,30.0,True
623,2018-08-25 00:00:00.000000,26932,11,24,30,43,34,29,43,34,2018-08-25,5,31.0,32.0,False
624,2018-08-26 00:00:00.000000,27871,86,18,25,43,29,23,40,29,2018-08-26,6,36.625,29.0,False
625,2018-08-27 00:00:00.000000,25351,74,16,18,42,25,20,35,23,2018-08-27,0,31.625,24.0,False
626,2018-08-28 00:00:00.000000,25377,64,13,8,40,23,14,32,19,2018-08-28,1,26.625,21.0,False
627,2018-08-29 00:00:00.000000,27347,55,9,65,40,21,11,30,13,2018-08-29,2,30.5,25.5,True
628,2018-08-30 00:00:00.000000,24495,47,65,61,36,18,6,24,8,2018-08-30,3,33.125,30.0,False
629,2018-08-31 00:00:00.000000,24909,34,58,51,35,15,43,22,4,2018-08-31,4,32.75,34.5,False
630,2018-09-01 00:00:00.000000,24451,23,48,46,33,12,38,19,43,2018-09-01,5,32.75,35.5,True
631,2018-09-03 00:00:00.000000,24373,12,44,42,33,6,35,14,38,2018-09-03,0,28.0,34.0,False
632,2018-09-04 00:00:00.000000,24753,86,41,33,32,43,32,8,36,2018-09-04,1,38.875,34.5,False
633,2018-09-05 00:00:00.000000,25718,76,32,27,32,41,27,2,34,2018-09-05,2,33.875,32.0,False
634,2018-09-06 00:00:00.000000,25451,67,28,22,26,36,26,43,31,2018-09-06,3,34.875,29.5,False
635,2018-09-07 00:00:00.000000,25982,58,26,14,21,32,22,41,28,2018-09-07,4,30.25,27.0,False
636,2018-09-08 00:00:00.000000,24691,47,23,4,15,28,16,35,22,2018-09-08,5,23.75,22.5,True
637,2018-09-09 00:00:00.000000,24755,35,17,65,12,26,15,32,17,2018-09-09,6,27.375,21.5,True
638,2018-09-10 00:00:00.000000,26748,26,11,60,12,23,14,27,15,2018-09-10,0,23.5,19.0,False
639,2018-09-11 00:00:00.000000,26170,15,1,51,12,18,12,21,11,2018-09-11,1,17.625,13.5,True
640,2018-09-12 00:00:00.000000,24706,7,65,46,8,12,7,15,7,2018-09-12,2,20.875,10.0,True
641,2018-09-13 00:00:00.000000,26887,86,63,42,8,9,5,9,5,2018-09-13,3,28.375,9.0,False
642,2018-09-14 00:00:00.000000,27808,77,53,32,6,7,43,5,43,2018-09-14,4,33.25,37.5,False
643,2018-09-15 00:00:00.000000,24822,69,47,26,43,3,37,43,38,2018-09-15,5,38.25,40.5,False
644,2018-09-16 00:00:00.000000,27182,59,38,18,37,43,34,41,32,2018-09-16,6,37.75,37.5,False
645,2018-09-17 00:00:00.000000,24548,49,29,13,35,37,28,37,28,2018-09-17,0,32.0,32.0,False
646,2018-09-18 00:00:00.000000,24206,40,25,7,34,33,24,31,23,2018-09-18,1,27.125,28.0,False
647,2018-09-19 00:00:00.000000,25703,27,22,65,28,28,24,25,17,2018-09-19,2,29.5,26.0,False
648,2018-09-20 00:00:00.000000,24833,18,16,59,26,26,19,19,11,2018-09-20,3,24.25,19.0,False
649,2018-09-21 00:00:00.000000,27263,10,13,50,25,21,18,15,7,2018-09-21,4,19.875,16.5,False
650,2018-09-22 00:00:00.000000,25500,86,4,40,24,18,13,10,2,2018-09-22,5,24.625,15.5,False
651,2018-09-23 00:00:00.000000,26670,75,65,34,19,16,9,8,43,2018-09-23,6,33.625,26.5,False
652,2018-09-24 00:00:00.000000,24231,62,58,25,19,11,6,5,41,2018-09-24,0,28.375,22.0,False
653,2018-09-25 00:00:00.000000,25343,54,49,17,18,5,43,43,38,2018-09-25,1,33.375,40.5,False
654,2018-09-26 00:00:00.000000,26330,43,42,9,18,43,37,40,32,2018-09-26,2,33.0,38.5,False
655,2018-09-27 00:00:00.000000,27751,36,33,65,13,41,36,35,28,2018-09-27,3,35.875,35.5,False
656,2018-09-28 00:00:00.000000,26009,24,29,61,7,39,36,32,23,2018-09-28,4,31.375,30.5,False
657,2018-09-29 00:00:00.000000,24623,11,25,52,7,35,35,29,17,2018-09-29,5,26.375,27.0,False
658,2018-09-30 00:00:00.000000,25266,86,18,47,1,30,32,25,13,2018-09-30,6,31.5,27.5,False
659,2018-10-01 00:00:00.000000,27576,79,12,40,43,25,26,22,9,2018-10-01,0,32.0,25.5,True
660,2018-10-02 00:00:00.000000,25557,71,2,36,41,22,24,17,4,2018-10-02,1,27.125,23.0,False
661,2018-10-03 00:00:00.000000,26750,64,65,32,41,18,20,13,43,2018-10-03,2,37.0,36.5,False
662,2018-10-04 00:00:00.000000,25629,56,63,22,36,14,19,10,37,2018-10-04,3,32.125,29.0,True
663,2018-10-05 00:00:00.000000,26859,49,54,12,32,8,16,7,31,2018-10-05,4,26.125,23.5,True
664,2018-10-06 00:00:00.000000,25061,38,47,4,32,2,12,2,27,2018-10-06,5,20.5,19.5,True
665,2018-10-07 00:00:00.000000,27479,27,40,65,30,43,7,43,21,2018-10-07,6,34.5,35.0,False
666,2018-10-08 00:00:00.000000,26161,15,31,55,29,41,7,40,15,2018-10-08,0,29.125,30.0,False
667,2018-10-09 00:00:00.000000,24184,8,23,46,24,35,6,34,13,2018-10-09,1,23.625,23.5,False
668,2018-10-10 00:00:00.000000,27558,86,14,42,24,30,43,30,7,2018-10-10,2,34.5,30.0,True
669,2018-10-11 00:00:00.000000,24572,78,11,33,23,27,43,25,3,2018-10-11,3,30.375,26.0,False
670,2018-10-12 00:00:00.000000,25207,70,1,29,17,23,41,19,43,2018-10-12,4,30.375,26.0,False
671,2018-10-13 00:00:00.000000,25626,57,65,22,14,18,35,17,39,2018-10-13,5,33.375,28.5,True
672,2018-10-14 00:00:00.000000,27126,47,60,15,8,13,33,14,36,2018-10-14,6,28.25,24.0,False
673,2018-10-15 00:00:00.000000,24024,36,58,6,6,10,29,11,30,2018-10-15,0,23.25,20.0,False
674,2018-10-16 00:00:00.000000,25585,29,51,65,43,8,27,6,26,2018-10-16,1,31.875,28.0,False
675,2018-10-17 00:00:00.000000,24709,18,43,61,38,2,26,43,22,2018-10-17,2,31.625,32.0,True
676,2018-10-18 00:00:00.000000,26506,9,41,57,38,43,23,39,19,2018-10-18,3,33.625,38.5,False
677,2018-10-19 00:00:00.000000,27769,86,35,48,34,38,17,33,17,2018-10-19,4,38.5,34.5,True
678,2018-10-20 00:00:00.000000,25099,78,29,43,33,36,17,27,14,2018-10-20,5,34.625,31.0,True
679,2018-10-21 00:00:00.000000,26808,66,21,39,32,33,16,24,10,2018-10-21,6,30.125,28.0,True
680,2018-10-22 00:00:00.000000,26646,55,11,29,31,30,12,22,8,2018-10-22,0,24.75,25.5,True
681,2018-10-23 00:00:00.000000,27579,43,6,25,30,25,9,17,3,2018-10-23,1,19.75,21.0,True
682,2018-10-24 00:00:00.000000,27359,34,65,19,27,23,9,12,43,2018-10-24,2,29.0,25.0,True
683,2018-10-25 00:00:00.000000,27020,24,62,13,21,17,4,10,39,2018-10-25,3,23.75,19.0,False
684,2018-10-26 00:00:00.000000,25494,14,58,9,19,12,43,4,33,2018-10-26,4,24.0,16.5,False
685,2018-10-27 00:00:00.000000,27078,6,51,65,13,7,37,43,28,2018-10-27,5,31.25,32.5,True
686,2018-10-28 00:00:00.000000,27367,86,48,57,9,1,34,41,23,2018-10-28,6,37.375,37.5,False
687,2018-10-29 00:00:00.000000,26701,79,41,51,7,43,30,36,19,2018-10-29,0,38.25,38.5,True
688,2018-10-30 00:00:00.000000,27873,67,36,42,5,37,29,32,16,2018-10-30,1,33.0,34.0,True
689,2018-10-31 00:00:00.000000,25184,56,33,33,43,34,28,30,13,2018-10-31,2,33.75,33.0,False
690,2018-11-01 00:00:00.000000,26788,43,29,27,39,29,23,27,11,2018-11-01,3,28.5,28.0,True
691,2018-11-03 00:00:00.000000,25439,32,24,18,33,24,19,24,5,2018-11-03,5,22.375,24.0,True
692,2018-11-04 00:00:00.000000,26834,21,22,14,29,19,15,20,43,2018-11-04,6,22.875,20.5,True
693,2018-11-05 00:00:00.000000,26409,11,16,6,25,15,11,17,41,2018-11-05,0,17.75,15.5,False
694,2018-11-06 00:00:00.000000,26529,86,7,65,21,12,9,12,35,2018-11-06,1,30.875,16.5,False
695,2018-11-07 00:00:00.000000,24684,74,65,57,16,10,8,6,29,2018-11-07,2,33.125,22.5,False
696,2018-11-08 00:00:00.000000,23956,65,62,51,13,4,6,43,24,2018-11-08,3,33.5,33.5,True
697,2018-11-09 00:00:00.000000,25985,58,57,41,9,43,43,39,19,2018-11-09,4,38.625,42.0,True
698,2018-11-10 00:00:00.000000,24855,45,53,37,6,39,37,37,13,2018-11-10,5,33.375,37.0,False
699,2018-11-11 00:00:00.000000,25304,38,43,28,43,35,33,31,8,2018-11-11,6,32.375,34.0,False
700,2018-11-12 00:00:00.000000,26540,30,33,23,39,30,28,29,3,2018-11-12,0,26.875,29.5,False
701,2018-11-13 00:00:00.000000,24022,22,26,18,36,26,25,24,43,2018-11-13,1,27.5,25.5,False
702,2018-11-14 00:00:00.000000,27483,10,18,8,34,20,23,20,39,2018-11-14,2,21.5,20.0,True
703,2018-11-15 00:00:00.000000,25879,86,14,65,34,15,18,16,36,2018-11-15,3,35.5,26.0,False
704,2018-11-16 00:00:00.000000,24199,73,7,55,30,13,18,11,33,2018-11-16,4,30.0,24.0,False
705,2018-11-17 00:00:00.000000,25637,60,65,51,29,11,15,6,31,2018-11-17,5,33.5,30.0,False
706,2018-11-18 00:00:00.000000,26193,52,57,42,28,8,13,43,28,2018-11-18,6,33.875,35.0,False
707,2018-11-19 00:00:00.000000,26410,40,51,35,27,4,13,39,24,2018-11-19,0,29.125,31.0,False
708,2018-11-20 00:00:00.000000,27257,28,47,29,24,43,11,36,19,2018-11-20,1,29.625,28.5,False
709,2018-11-21 00:00:00.000000,24446,19,43,20,19,38,8,31,15,2018-11-21,2,24.125,19.5,False
710,2018-11-22 00:00:00.000000,24260,11,37,14,18,32,8,25,9,2018-11-22,3,19.25,16.0,False
711,2018-11-23 00:00:00.000000,24876,86,34,5,12,30,8,22,5,2018-11-23,4,25.25,17.0,True
712,2018-11-24 00:00:00.000000,25328,78,25,65,12,24,8,18,43,2018-11-24,5,34.125,24.5,True
713,2018-11-25 00:00:00.000000,26965,66,19,55,6,18,5,15,40,2018-11-25,6,28.0,18.5,False
714,2018-11-26 00:00:00.000000,27648,58,17,51,43,13,43,10,34,2018-11-26,0,33.625,38.5,False
715,2018-11-27 00:00:00.000000,24023,47,9,42,39,7,39,4,31,2018-11-27,1,27.25,35.0,False
716,2018-11-28 00:00:00.000000,26458,36,65,38,36,3,35,43,25,2018-11-28,2,35.125,36.0,True
717,2018-11-29 00:00:00.000000,24993,27,56,28,34,43,31,39,19,2018-11-29,3,34.625,32.5,False
718,2018-11-30 00:00:00.000000,24717,15,54,18,32,40,26,35,14,2018-11-30,4,29.25,29.0,False
719,2018-12-01 00:00:00.000000,26339,6,46,8,32,36,25,31,8,2018-12-01,5,24.0,28.0,False
720,2018-12-02 00:00:00.000000,25848,86,41,65,32,31,20,27,2,2018-12-02,6,38.0,31.5,True
721,2018-12-03 00:00:00.000000,25220,76,39,61,27,26,20,23,43,2018-12-03,0,39.375,33.0,True
722,2018-12-04 00:00:00.000000,24132,65,31,51,26,22,19,17,37,2018-12-04,1,33.5,28.5,False
723,2018-12-05 00:00:00.000000,26592,56,28,44,26,20,19,13,32,2018-12-05,2,29.75,27.0,False
724,2018-12-06 00:00:00.000000,26823,47,23,35,24,17,18,8,30,2018-12-06,3,25.25,23.5,True
725,2018-12-07 00:00:00.000000,27379,34,21,26,24,13,16,4,28,2018-12-07,4,20.75,22.5,True
726,2018-12-08 00:00:00.000000,25661,21,11,16,23,8,16,43,24,2018-12-08,5,20.25,18.5,True
727,2018-12-09 00:00:00.000000,24610,11,1,10,20,2,12,37,18,2018-12-09,6,13.875,11.5,True
728,2018-12-10 00:00:00.000000,26399,86,65,5,15,43,11,33,13,2018-12-10,0,33.875,24.0,False
729,2018-12-11 00:00:00.000000,25208,76,57,65,15,37,10,28,9,2018-12-11,1,37.125,32.5,True
730,2018-12-12 00:00:00.000000,24193,67,54,60,12,34,4,26,7,2018-12-12,2,33.0,30.0,True
731,2018-12-13 00:00:00.000000,23972,57,49,51,6,29,43,22,4,2018-12-13,3,32.625,36.0,False
732,2018-12-14 00:00:00.000000,25792,50,40,47,43,24,40,18,43,2018-12-14,4,38.125,41.5,False
733,2018-12-15 00:00:00.000000,26234,42,36,43,42,21,39,15,38,2018-12-15,5,34.5,38.5,False
734,2018-12-16 00:00:00.000000,26905,31,33,39,42,15,38,12,35,2018-12-16,6,30.625,34.0,False
735,2018-12-17 00:00:00.000000,25455,24,26,30,38,11,32,8,33,2018-12-17,0,25.25,28.0,False
736,2018-12-18 00:00:00.000000,27829,15,24,23,34,8,30,2,28,2018-12-18,1,20.5,23.5,True
737,2018-12-19 00:00:00.000000,25845,2,20,14,30,6,25,43,26,2018-12-19,2,20.75,22.5,True
738,2018-12-20 00:00:00.000000,26028,86,12,10,29,43,24,41,24,2018-12-20,3,33.625,26.5,False
739,2018-12-21 00:00:00.000000,25102,74,2,3,27,41,21,38,21,2018-12-21,4,28.375,24.0,False
740,2018-12-22 00:00:00.000000,26572,62,65,65,21,39,20,35,16,2018-12-22,5,40.375,37.0,False
741,2018-12-23 00:00:00.000000,26331,49,57,56,16,33,14,33,11,2018-12-23,6,33.625,33.0,False
742,2018-12-24 00:00:00.000000,27236,40,51,49,10,31,10,30,9,2018-12-24,0,28.75,30.5,False
743,2018-12-25 00:00:00.000000,27496,33,47,40,10,28,10,27,4,2018-12-25,1,24.875,27.5,False
744,2018-12-26 00:00:00.000000,26527,20,43,31,10,22,6,21,43,2018-12-26,2,24.5,21.5,False
745,2018-12-27 00:00:00.000000,26526,8,39,23,5,19,43,18,38,2018-12-27,3,24.125,21.0,False
746,2018-12-28 00:00:00.000000,26904,86,31,17,43,16,43,14,36,2018-12-28,4,35.75,33.5,False
747,2018-12-29 00:00:00.000000,25471,75,26,7,39,10,41,9,31,2018-12-29,5,29.75,28.5,True
748,2018-12-30 00:00:00.000000,25305,65,24,65,35,5,37,3,29,2018-12-30,6,32.875,32.0,False
749,2018-12-31 00:00:00.000000,25667,56,19,59,35,43,31,43,24,2018-12-31,0,38.75,39.0,False
750,2019-01-01 00:00:00.000000,24238,47,12,52,33,38,28,38,21,2019-01-01,1,33.625,35.5,False
751,2019-01-03 00:00:00.000000,24247,34,9,43,32,35,26,33,17,2019-01-03,3,28.625,32.5,False
752,2019-01-04 00:00:00.000000,24289,21,65,39,27,31,23,31,13,2019-01-04,4,31.25,29.0,False
753,2019-01-05 00:00:00.000000,25241,14,59,34,25,26,21,27,10,2019-01-05,5,27.0,25.5,False
754,2019-01-06 00:00:00.000000,25471,2,54,26,23,21,15,22,4,2019-01-06,6,20.875,21.5,False
755,2019-01-07 00:00:00.000000,25876,86,48,18,17,18,14,17,43,2019-01-07,0,32.625,18.0,False
756,2019-01-08 00:00:00.000000,27578,76,44,10,14,14,14,13,40,2019-01-08,1,28.125,14.0,True
757,2019-01-09 00:00:00.000000,25920,67,37,3,14,11,8,10,37,2019-01-09,2,23.375,12.5,True
758,2019-01-10 00:00:00.000000,26544,58,35,65,11,9,4,4,32,2019-01-10,3,27.25,21.5,True
759,2019-01-11 00:00:00.000000,25852,51,32,60,7,6,43,43,27,2019-01-11,4,33.625,37.5,True
760,2019-01-12 00:00:00.000000,24099,44,30,54,4,43,41,37,24,2019-01-12,5,34.625,39.0,True
761,2019-01-13 00:00:00.000000,27565,33,27,46,43,37,39,33,18,2019-01-13,6,34.5,35.0,False
762,2019-01-14 00:00:00.000000,26775,23,25,36,41,32,38,28,15,2019-01-14,0,29.75,30.0,True
763,2019-01-15 00:00:00.000000,24353,12,16,29,37,26,36,25,10,2019-01-15,1,23.875,25.5,True
764,2019-01-16 00:00:00.000000,26797,86,11,19,33,20,35,21,4,2019-01-16,2,28.625,20.5,True
765,2019-01-17 00:00:00.000000,26891,74,9,14,32,17,29,18,43,2019-01-17,3,29.5,23.5,False
766,2019-01-18 00:00:00.000000,24516,65,65,8,32,13,25,14,39,2019-01-18,4,32.625,28.5,False
767,2019-01-19 00:00:00.000000,25147,52,59,65,29,9,20,8,34,2019-01-19,5,34.5,31.5,False
768,2019-01-20 00:00:00.000000,25479,44,55,59,23,5,20,3,29,2019-01-20,6,29.75,26.0,False
769,2019-01-21 00:00:00.000000,26890,32,53,51,22,43,15,43,26,2019-01-21,0,35.625,37.5,False
770,2019-01-22 00:00:00.000000,26248,21,48,41,18,38,11,40,22,2019-01-22,1,29.875,30.0,False
771,2019-01-23 00:00:00.000000,26411,8,39,31,16,36,6,36,20,2019-01-23,2,24.0,25.5,True
772,2019-01-24 00:00:00.000000,26899,86,29,24,12,31,43,33,17,2019-01-24,3,34.375,30.0,False
773,2019-01-25 00:00:00.000000,27008,73,26,20,6,28,43,30,14,2019-01-25,4,30.0,27.0,False
774,2019-01-26 00:00:00.000000,26927,65,19,12,43,23,37,25,9,2019-01-26,5,29.125,24.0,False
775,2019-01-27 00:00:00.000000,24995,52,9,7,41,21,31,20,6,2019-01-27,6,23.375,20.5,False
776,2019-01-28 00:00:00.000000,25428,44,65,65,35,16,29,16,43,2019-01-28,0,39.125,39.0,False
777,2019-01-29 00:00:00.000000,25369,32,56,56,34,10,28,11,40,2019-01-29,1,33.375,33.0,False
778,2019-01-30 00:00:00.000000,24289,24,50,50,30,8,22,9,38,2019-01-30,2,28.875,27.0,False
779,2019-01-31 00:00:00.000000,26691,12,44,40,25,2,16,4,35,2019-01-31,3,22.25,20.5,False
780,2019-02-01 00:00:00.000000,24828,86,34,31,20,43,14,43,32,2019-02-01,4,37.875,33.0,False
781,2019-02-03 00:00:00.000000,27783,76,26,21,15,39,8,38,30,2019-02-03,6,31.625,28.0,False
782,2019-02-04 00:00:00.000000,24318,66,21,13,11,33,7,35,26,2019-02-04,0,26.5,23.5,True
783,2019-02-05 00:00:00.000000,27716,53,12,8,11,27,4,32,20,2019-02-05,1,20.875,16.0,True
784,2019-02-06 00:00:00.000000,26576,40,6,65,11,24,43,28,18,2019-02-06,2,29.375,26.0,False
785,2019-02-07 00:00:00.000000,23882,33,65,60,11,18,41,23,16,2019-02-07,3,33.375,28.0,False
786,2019-02-08 00:00:00.000000,26270,24,60,51,5,12,36,17,12,2019-02-08,4,27.125,20.5,True
787,2019-02-09 00:00:00.000000,27128,16,58,46,43,6,33,11,10,2019-02-09,5,27.875,24.5,False
788,2019-02-10 00:00:00.000000,25515,5,51,41,42,43,32,5,7,2019-02-10,6,28.25,36.5,False
789,2019-02-11 00:00:00.000000,27655,86,44,33,37,41,31,43,3,2019-02-11,0,39.75,39.0,True
790,2019-02-12 00:00:00.000000,24424,75,38,27,37,37,30,41,43,2019-02-12,1,41.0,37.5,False
791,2019-02-13 00:00:00.000000,23919,66,30,18,37,35,29,38,37,2019-02-13,2,36.25,36.0,False
792,2019-02-14 00:00:00.000000,24576,58,25,14,35,33,28,34,34,2019-02-14,3,32.625,33.5,False
793,2019-02-15 00:00:00.000000,26803,51,20,10,34,31,25,30,30,2019-02-15,4,28.875,30.0,True
794,2019-02-16 00:00:00.000000,26078,41,15,5,31,29,24,26,24,2019-02-16,5,24.375,25.0,False
795,2019-02-17 00:00:00.000000,24908,33,11,65,27,27,24,23,19,2019-02-17,6,28.625,25.5,True
796,2019-02-18 00:00:00.000000,25878,20,7,58,21,23,21,18,13,2019-02-18,0,22.625,20.5,True
797,2019-02-19 00:00:00.000000,27195,11,65,53,17,18,16,12,10,2019-02-19,1,25.25,16.5,True
798,2019-02-20 00:00:00.000000,26812,86,58,49,17,14,10,9,6,2019-02-20,2,31.125,15.5,False
799,2019-02-21 00:00:00.000000,25432,77,50,43,14,11,6,6,43,2019-02-21,3,31.25,28.5,True
800,2019-02-22 00:00:00.000000,24923,70,47,38,8,8,43,43,41,2019-02-22,4,37.25,42.0,False
801,2019-02-23 00:00:00.000000,26316,58,40,34,2,3,43,38,36,2019-02-23,5,31.75,37.0,False
802,2019-02-24 00:00:00.000000,25748,49,33,28,43,43,39,32,33,2019-02-24,6,37.5,36.0,True
803,2019-02-25 00:00:00.000000,27804,41,31,18,43,39,33,27,31,2019-02-25,0,32.875,32.0,False
804,2019-02-26 00:00:00.000000,26644,28,22,11,42,37,27,24,29,2019-02-26,1,27.5,27.5,True
805,2019-02-27 00:00:00.000000,25187,16,13,4,38,35,23,20,23,2019-02-27,2,21.5,21.5,True
806,2019-02-28 00:00:00.000000,24423,8,8,65,38,31,20,18,17,2019-02-28,3,25.625,19.0,False
807,2019-03-01 00:00:00.000000,24808,86,65,56,34,27,15,13,15,2019-03-01,4,38.875,30.5,False
808,2019-03-02 00:00:00.000000,27295,78,56,51,28,24,15,9,12,2019-03-02,5,34.125,26.0,True
809,2019-03-03 00:00:00.000000,27068,69,53,42,26,20,10,4,9,2019-03-03,6,29.125,23.0,True
810,2019-03-04 00:00:00.000000,26958,61,50,36,24,15,6,43,3,2019-03-04,0,29.75,30.0,False
811,2019-03-05 00:00:00.000000,26960,53,46,29,19,11,43,40,43,2019-03-05,1,35.5,41.5,False
812,2019-03-06 00:00:00.000000,27143,40,42,25,19,5,37,38,40,2019-03-06,2,30.75,37.5,False
813,2019-03-07 00:00:00.000000,26107,32,32,18,13,43,36,34,35,2019-03-07,3,30.375,33.0,False
814,2019-03-08 00:00:00.000000,27625,22,26,14,13,37,33,28,30,2019-03-08,4,25.375,27.0,False
815,2019-03-09 00:00:00.000000,26818,9,23,9,8,34,29,26,24,2019-03-09,5,20.25,23.5,False
816,2019-03-10 00:00:00.000000,25367,86,19,65,5,32,29,23,22,2019-03-10,6,35.125,26.0,False
817,2019-03-11 00:00:00.000000,23962,79,12,57,43,28,24,20,16,2019-03-11,0,34.875,26.0,False
818,2019-03-12 00:00:00.000000,24020,69,4,53,43,22,18,16,11,2019-03-12,1,29.5,20.0,False
819,2019-03-13 00:00:00.000000,24334,57,65,45,38,18,15,14,6,2019-03-13,2,32.25,28.0,False
820,2019-03-14 00:00:00.000000,24225,48,62,36,36,16,14,9,43,2019-03-14,3,33.0,36.0,False
821,2019-03-15 00:00:00.000000,25049,36,57,28,31,14,13,3,39,2019-03-15,4,27.625,29.5,False
822,2019-03-16 00:00:00.000000,27737,24,54,19,28,9,13,43,33,2019-03-16,5,27.875,26.0,False
823,2019-03-17 00:00:00.000000,26020,16,44,12,26,5,13,40,27,2019-03-17,6,22.875,21.0,False
824,2019-03-18 00:00:00.000000,27321,4,38,7,23,43,7,34,25,2019-03-18,0,22.625,24.0,True
825,2019-03-19 00:00:00.000000,24542,86,36,65,17,39,5,29,20,2019-03-19,1,37.125,32.5,False
826,2019-03-20 00:00:00.000000,24168,76,27,61,11,35,43,26,18,2019-03-20,2,37.125,31.0,False
827,2019-03-21 00:00:00.000000,25213,68,20,55,9,33,39,22,16,2019-03-21,3,32.75,27.5,False
828,2019-03-22 00:00:00.000000,23975,56,16,45,8,27,38,20,11,2019-03-22,4,27.625,23.5,False
829,2019-03-23 00:00:00.000000,25085,43,12,35,4,22,32,18,7,2019-03-23,5,21.625,20.0,False
830,2019-03-24 00:00:00.000000,25861,32,8,28,43,16,30,16,3,2019-03-24,6,22.0,22.0,True
831,2019-03-25 00:00:00.000000,25617,20,65,22,39,10,25,12,43,2019-03-25,0,29.5,23.5,True
832,2019-03-26 00:00:00.000000,26844,8,62,17,37,8,23,10,41,2019-03-26,1,25.75,20.0,True
833,2019-03-27 00:00:00.000000,24819,86,54,9,35,3,23,6,36,2019-03-27,2,31.5,29.0,True
834,2019-03-28 00:00:00.000000,25748,74,45,65,32,43,23,43,34,2019-03-28,3,44.875,43.0,False
835,2019-03-29 00:00:00.000000,26206,65,35,58,27,37,18,37,31,2019-03-29,4,38.5,36.0,False
836,2019-03-30 00:00:00.000000,24283,57,33,53,22,35,16,34,26,2019-03-30,5,34.5,33.5,False
837,2019-03-31 00:00:00.000000,24120,49,26,48,22,30,16,31,21,2019-03-31,6,30.375,28.0,True
838,2019-04-01 00:00:00.000000,25208,36,16,43,17,24,10,26,16,2019-04-01,0,23.5,20.5,False
839,2019-04-02 00:00:00.000000,27250,23,6,39,17,19,6,20,14,2019-04-02,1,18.0,18.0,False
840,2019-04-03 00:00:00.000000,24677,10,65,29,15,13,43,14,9,2019-04-03,2,24.75,14.5,True
841,2019-04-05 00:00:00.000000,26384,86,62,21,13,11,43,11,5,2019-04-05,4,31.5,17.0,False
842,2019-04-06 00:00:00.000000,24156,74,54,17,7,7,38,5,43,2019-04-06,5,30.625,27.5,False
843,2019-04-07 00:00:00.000000,26778,66,45,10,7,2,33,43,41,2019-04-07,6,30.875,37.0,True
844,2019-04-08 00:00:00.000000,26886,59,38,0,6,43,33,37,39,2019-04-08,0,31.875,37.5,False
845,2019-04-09 00:00:00.000000,25242,50,29,65,43,37,29,33,34,2019-04-09,1,40.0,35.5,False
846,2019-04-10 00:00:00.000000,27498,42,21,57,39,34,26,27,28,2019-04-10,2,34.25,31.0,False
847,2019-04-11 00:00:00.000000,27771,31,17,50,36,32,26,21,23,2019-04-11,3,29.5,28.5,False
848,2019-04-12 00:00:00.000000,26319,24,14,40,30,30,21,17,18,2019-04-12,4,24.25,22.5,False
849,2019-04-13 00:00:00.000000,26380,12,5,36,30,27,20,13,16,2019-04-13,5,19.875,18.0,True
850,2019-04-14 00:00:00.000000,26539,86,65,31,30,22,20,11,13,2019-04-14,6,34.75,26.0,True
851,2019-04-15 00:00:00.000000,25362,78,62,25,27,20,15,5,8,2019-04-15,0,30.0,22.5,False
852,2019-04-16 00:00:00.000000,27661,68,52,16,24,15,10,43,5,2019-04-16,1,29.125,20.0,True
853,2019-04-17 00:00:00.000000,24095,57,48,11,21,11,8,40,43,2019-04-17,2,29.875,30.5,False
854,2019-04-18 00:00:00.000000,26097,46,42,5,19,8,5,34,40,2019-04-18,3,24.875,26.5,False
855,2019-04-19 00:00:00.000000,25964,37,33,65,17,4,43,28,35,2019-04-19,4,32.75,34.0,True
856,2019-04-20 00:00:00.000000,24431,30,24,61,17,43,37,25,30,2019-04-20,5,33.375,30.0,False
857,2019-04-21 00:00:00.000000,24987,21,17,55,13,37,31,23,27,2019-04-21,6,28.0,25.0,False
858,2019-04-22 00:00:00.000000,24705,8,12,51,10,32,29,19,24,2019-04-22,0,23.125,21.5,False
859,2019-04-23 00:00:00.000000,27326,86,7,42,5,29,23,17,18,2019-04-23,1,28.375,20.5,True
860,2019-04-24 00:00:00.000000,24505,78,65,37,43,24,19,15,14,2019-04-24,2,36.875,30.5,False
861,2019-04-25 00:00:00.000000,26100,65,59,28,38,22,16,9,10,2019-04-25,3,30.875,25.0,False
862,2019-04-26 00:00:00.000000,24419,53,49,20,33,18,10,7,7,2019-04-26,4,24.625,19.0,False
863,2019-04-27 00:00:00.000000,24873,43,46,12,27,12,7,1,3,2019-04-27,5,18.875,12.0,False
864,2019-04-28 00:00:00.000000,26834,34,44,7,24,7,1,43,43,2019-04-28,6,25.375,29.0,False
865,2019-04-29 00:00:00.000000,25225,25,39,65,20,5,43,41,38,2019-04-29,0,34.5,38.5,False
866,2019-04-30 00:00:00.000000,24119,12,33,58,20,43,40,38,32,2019-04-30,1,34.5,35.5,False
867,2019-05-01 00:00:00.000000,27059,86,26,49,16,37,38,32,27,2019-05-01,2,38.875,34.5,False
868,2019-05-02 00:00:00.000000,26549,79,24,40,14,33,35,28,22,2019-05-02,3,34.375,30.5,False
869,2019-05-03 00:00:00.000000,27536,66,19,33,8,30,31,25,16,2019-05-03,4,28.5,27.5,True
870,2019-05-04 00:00:00.000000,24893,58,9,29,3,27,25,21,12,2019-05-04,5,23.0,23.0,True
871,2019-05-05 00:00:00.000000,24754,45,65,23,43,22,21,16,7,2019-05-05,6,30.25,22.5,False
872,2019-05-06 00:00:00.000000,24036,38,57,14,43,19,20,11,1,2019-05-06,0,25.375,19.5,False
873,2019-05-07 00:00:00.000000,24957,28,49,7,41,17,17,6,43,2019-05-07,1,26.0,22.5,True
874,2019-05-08 00:00:00.000000,25602,17,39,65,40,14,17,43,41,2019-05-08,2,34.5,39.5,False
875,2019-05-09 00:00:00.000000,27188,4,29,60,36,8,15,38,39,2019-05-09,3,28.625,32.5,True
876,2019-05-10 00:00:00.000000,24154,86,23,56,32,2,13,36,36,2019-05-10,4,35.5,34.0,False
877,2019-05-11 00:00:00.000000,27029,77,13,49,30,43,10,30,32,2019-05-11,5,35.5,31.0,False
878,2019-05-12 00:00:00.000000,26427,67,9,41,27,38,8,28,28,2019-05-12,6,30.75,28.0,False
879,2019-05-13 00:00:00.000000,25105,58,65,33,25,33,3,22,22,2019-05-13,0,32.625,29.0,False
880,2019-05-14 00:00:00.000000,26913,46,60,23,23,29,43,16,17,2019-05-14,1,32.125,26.0,False
881,2019-05-15 00:00:00.000000,25470,36,51,13,23,26,43,14,15,2019-05-15,2,27.625,24.5,False
882,2019-05-16 00:00:00.000000,24253,25,48,5,23,20,39,8,11,2019-05-16,3,22.375,21.5,False
883,2019-05-17 00:00:00.000000,26918,18,38,65,18,18,35,6,6,2019-05-17,4,25.5,18.0,True
884,2019-05-18 00:00:00.000000,25645,11,36,56,16,15,29,43,43,2019-05-18,5,31.125,32.5,False
885,2019-05-19 00:00:00.000000,27626,86,26,46,12,13,25,41,40,2019-05-19,6,36.125,33.0,True
886,2019-05-20 00:00:00.000000,27208,76,22,36,10,8,21,36,37,2019-05-20,0,30.75,29.0,False
887,2019-05-21 00:00:00.000000,23985,67,17,28,10,2,17,34,35,2019-05-21,1,26.25,22.5,True
888,2019-05-22 00:00:00.000000,26995,59,14,24,6,43,17,29,30,2019-05-22,2,27.75,26.5,False
889,2019-05-23 00:00:00.000000,26629,50,9,18,43,38,11,27,26,2019-05-23,3,27.75,26.5,False
890,2019-05-24 00:00:00.000000,24052,42,65,14,43,33,8,25,20,2019-05-24,4,31.25,29.0,False
891,2019-05-25 00:00:00.000000,27282,34,62,5,38,31,7,23,14,2019-05-25,5,26.75,27.0,False
892,2019-05-26 00:00:00.000000,24542,26,54,65,38,27,2,19,10,2019-05-26,6,30.125,26.5,True
893,2019-05-27 00:00:00.000000,27597,14,47,59,35,23,43,17,6,2019-05-27,0,30.5,29.0,False
894,2019-05-28 00:00:00.000000,27790,1,38,50,34,19,39,13,43,2019-05-28,1,29.625,36.0,True
895,2019-05-29 00:00:00.000000,25062,86,30,46,32,17,34,11,40,2019-05-29,2,37.0,33.0,False
896,2019-05-30 00:00:00.000000,25752,76,23,41,29,14,29,7,35,2019-05-30,3,31.75,29.0,False
897,2019-05-31 00:00:00.000000,26813,64,13,33,26,9,23,3,31,2019-05-31,4,25.25,24.5,True
898,2019-06-01 00:00:00.000000,25149,57,11,28,22,6,23,43,28,2019-06-01,5,27.25,25.5,False
899,2019-06-02 00:00:00.000000,26530,45,5,21,17,43,18,37,25,2019-06-02,6,26.375,23.0,False
900,2019-06-03 00:00:00.000000,25507,33,65,17,13,40,15,32,23,2019-06-03,0,29.75,27.5,False
901,2019-06-05 00:00:00.000000,24361,21,59,12,12,38,9,26,18,2019-06-05,2,24.375,19.5,False
902,2019-06-06 00:00:00.000000,26997,11,49,6,12,32,8,22,16,2019-06-06,3,19.5,14.0,True
903,2019-06-07 00:00:00.000000,26254,86,43,65,9,27,8,20,13,2019-06-07,4,33.875,23.5,False
904,2019-06-08 00:00:00.000000,26001,77,38,61,6,21,7,18,9,2019-06-08,5,29.625,19.5,True
905,2019-06-09 00:00:00.000000,27667,69,28,53,43,19,2,14,3,2019-06-09,6,28.875,23.5,True
906,2019-06-10 00:00:00.000000,23977,56,22,44,37,13,43,11,43,2019-06-10,0,33.625,40.0,False
907,2019-06-11 00:00:00.000000,25649,46,13,38,36,7,42,7,37,2019-06-11,1,28.25,36.5,False
908,2019-06-12 00:00:00.000000,26698,33,11,34,35,5,40,1,32,2019-06-12,2,23.875,32.5,False
909,2019-06-13 00:00:00.000000,27004,21,2,30,30,43,39,43,26,2019-06-13,3,29.25,30.0,False
910,2019-06-14 00:00:00.000000,24798,13,65,24,26,38,33,41,22,2019-06-14,4,32.75,29.5,False
911,2019-06-15 00:00:00.000000,26543,4,63,16,20,36,29,37,16,2019-06-15,5,27.625,24.5,True
912,2019-06-16 00:00:00.000000,25967,86,54,10,15,34,23,33,10,2019-06-16,6,33.125,28.0,True
913,2019-06-17 00:00:00.000000,26885,79,49,5,15,31,18,29,6,2019-06-17,0,29.0,23.5,False
914,2019-06-18 00:00:00.000000,25095,72,45,65,10,28,16,25,43,2019-06-18,1,38.0,35.5,True
915,2019-06-19 00:00:00.000000,26132,65,43,56,4,24,10,22,39,2019-06-19,2,32.875,31.5,False
916,2019-06-20 00:00:00.000000,26229,58,36,50,43,22,5,18,35,2019-06-20,3,33.375,35.5,True
917,2019-06-21 00:00:00.000000,26587,48,26,41,40,16,43,16,31,2019-06-21,4,32.625,35.5,False
918,2019-06-22 00:00:00.000000,25104,38,24,31,39,10,39,11,28,2019-06-22,5,27.5,29.5,True
919,2019-06-23 00:00:00.000000,27552,31,21,21,33,8,37,7,24,2019-06-23,6,22.75,22.5,True
920,2019-06-24 00:00:00.000000,26163,21,18,13,31,6,33,4,22,2019-06-24,0,18.5,19.5,True
921,2019-06-25 00:00:00.000000,26593,8,12,9,30,43,29,43,17,2019-06-25,1,23.875,23.0,False
922,2019-06-26 00:00:00.000000,25576,86,3,65,30,38,23,38,15,2019-06-26,2,37.25,34.0,False
923,2019-06-27 00:00:00.000000,26688,76,65,58,27,35,18,33,12,2019-06-27,3,40.5,34.0,False
924,2019-06-28 00:00:00.000000,27146,64,62,53,25,30,15,30,10,2019-06-28,4,36.125,30.0,False
925,2019-06-29 00:00:00.000000,24491,56,60,44,23,26,13,25,8,2019-06-29,5,31.875,25.5,False
926,2019-06-30 00:00:00.000000,25977,46,54,39,21,21,7,22,3,2019-06-30,6,26.625,21.5,False
927,2019-07-01 00:00:00.000000,26349,37,52,30,21,19,3,18,43,2019-07-01,0,27.875,25.5,False
928,2019-07-02 00:00:00.000000,26905,30,48,24,16,14,43,14,39,2019-07-02,1,28.5,27.0,False
929,2019-07-03 00:00:00.000000,24767,21,38,18,10,9,38,8,35,2019-07-03,2,22.125,19.5,True
930,2019-07-04 00:00:00.000000,25123,8,31,12,5,7,32,6,31,2019-07-04,3,16.5,10.0,False
931,2019-07-05 00:00:00.000000,25151,86,28,4,43,4,26,43,26,2019-07-05,4,32.5,27.0,False
932,2019-07-06 00:00:00.000000,25802,76,19,65,37,43,20,37,22,2019-07-06,5,39.875,37.0,False
933,2019-07-07 00:00:00.000000,24790,64,17,58,31,41,14,34,18,2019-07-07,6,34.625,32.5,True
934,2019-07-08 00:00:00.000000,25363,53,8,53,31,39,10,29,15,2019-07-08,0,29.75,30.0,False
935,2019-07-09 00:00:00.000000,25798,40,65,49,30,37,8,25,13,2019-07-09,1,33.375,33.5,False
936,2019-07-10 00:00:00.000000,25690,28,59,42,24,35,5,19,9,2019-07-10,2,27.625,26.0,False
937,2019-07-11 00:00:00.000000,25814,20,51,36,18,33,43,15,6,2019-07-11,3,27.75,26.5,False
938,2019-07-12 00:00:00.000000,24891,10,46,30,15,31,42,9,43,2019-07-12,4,28.25,30.5,True
939,2019-07-13 00:00:00.000000,27009,86,42,22,12,25,41,4,39,2019-07-13,5,33.875,32.0,False
940,2019-07-14 00:00:00.000000,23917,74,34,16,8,22,37,43,33,2019-07-14,6,33.375,33.5,False
941,2019-07-15 00:00:00.000000,23999,64,27,8,8,17,36,40,31,2019-07-15,0,28.875,29.0,False
942,2019-07-16 00:00:00.000000,25939,54,18,65,5,14,33,36,29,2019-07-16,1,31.75,31.0,True
943,2019-07-17 00:00:00.000000,24907,43,11,55,43,11,31,31,23,2019-07-17,2,31.0,31.0,True
944,2019-07-18 00:00:00.000000,27696,31,2,49,43,5,30,28,20,2019-07-18,3,26.0,29.0,False
945,2019-07-19 00:00:00.000000,25600,23,65,42,40,43,30,22,18,2019-07-19,4,35.375,35.0,True
946,2019-07-20 00:00:00.000000,24667,10,63,38,36,38,28,16,12,2019-07-20,5,30.125,32.0,True
947,2019-07-21 00:00:00.000000,26774,86,61,34,30,32,26,10,8,2019-07-21,6,35.875,31.0,False
948,2019-07-22 00:00:00.000000,24332,76,57,30,29,28,24,5,5,2019-07-22,0,31.75,28.5,False
949,2019-07-23 00:00:00.000000,26195,66,54,23,28,26,22,43,43,2019-07-23,1,38.125,35.5,False
950,2019-07-24 00:00:00.000000,27575,55,48,13,24,21,16,41,41,2019-07-24,2,32.375,32.5,True
951,2019-07-25 00:00:00.000000,25874,46,44,6,19,18,16,39,37,2019-07-25,3,28.125,28.0,True
952,2019-07-26 00:00:00.000000,25644,37,35,65,17,15,11,36,32,2019-07-26,4,31.0,33.5,False
953,2019-07-27 00:00:00.000000,26213,28,30,56,11,13,11,30,26,2019-07-27,5,25.625,27.0,True
954,2019-07-28 00:00:00.000000,26874,18,28,51,11,9,11,24,20,2019-07-28,6,21.5,19.0,False
955,2019-07-29 00:00:00.000000,25979,8,24,41,8,6,7,21,17,2019-07-29,0,16.5,12.5,True
956,2019-07-30 00:00:00.000000,24887,86,19,34,2,43,7,17,13,2019-07-30,1,27.625,18.0,False
957,2019-07-31 00:00:00.000000,25856,74,9,29,43,38,7,15,10,2019-07-31,2,28.125,22.0,True
958,2019-08-01 00:00:00.000000,27206,66,65,24,42,33,2,9,8,2019-08-01,3,31.125,28.5,False
959,2019-08-02 00:00:00.000000,25905,53,60,16,38,27,43,3,6,2019-08-02,4,30.75,32.5,False
960,2019-08-03 00:00:00.000000,27569,46,52,12,36,24,43,43,43,2019-08-03,5,37.375,43.0,True
961,2019-08-05 00:00:00.000000,26655,39,48,7,30,19,43,39,41,2019-08-05,0,33.25,39.0,True
962,2019-08-06 00:00:00.000000,24782,26,41,65,25,13,38,36,37,2019-08-06,1,35.125,36.5,False
963,2019-08-07 00:00:00.000000,27239,14,31,60,23,9,38,31,32,2019-08-07,2,29.75,31.0,False
964,2019-08-08 00:00:00.000000,25823,3,26,55,18,4,35,26,30,2019-08-08,3,24.625,26.0,True
965,2019-08-09 00:00:00.000000,27695,86,23,50,17,43,33,20,28,2019-08-09,4,37.5,30.5,False
966,2019-08-10 00:00:00.000000,25858,75,13,41,14,41,28,16,23,2019-08-10,5,31.375,25.5,False
967,2019-08-11 00:00:00.000000,24542,63,11,33,14,39,25,13,18,2019-08-11,6,27.0,21.5,True
968,2019-08-12 00:00:00.000000,24520,51,6,27,9,33,22,8,15,2019-08-12,0,21.375,18.5,False
969,2019-08-13 00:00:00.000000,23906,43,65,19,5,27,16,4,10,2019-08-13,1,23.625,17.5,False
970,2019-08-14 00:00:00.000000,27327,31,57,15,43,25,13,43,5,2019-08-14,2,29.0,28.0,False
971,2019-08-15 00:00:00.000000,26609,23,54,11,39,23,13,37,43,2019-08-15,3,30.375,30.0,False
972,2019-08-16 00:00:00.000000,26052,15,48,6,35,17,8,31,37,2019-08-16,4,24.625,24.0,True
973,2019-08-17 00:00:00.000000,25299,3,44,65,31,11,6,25,32,2019-08-17,5,27.125,28.0,True
974,2019-08-18 00:00:00.000000,27059,86,38,61,30,7,43,22,26,2019-08-18,6,39.125,34.0,False
975,2019-08-19 00:00:00.000000,26917,77,28,56,29,5,42,20,22,2019-08-19,0,34.875,28.5,False
976,2019-08-20 00:00:00.000000,26242,67,20,49,28,43,36,18,19,2019-08-20,1,35.0,32.0,False
977,2019-08-21 00:00:00.000000,25195,54,13,41,24,39,35,14,14,2019-08-21,2,29.25,29.5,False
978,2019-08-22 00:00:00.000000,25286,44,7,36,18,36,29,11,8,2019-08-22,3,23.625,23.5,True
979,2019-08-23 00:00:00.000000,26787,34,65,28,17,33,27,6,2,2019-08-23,4,26.5,27.5,False
980,2019-08-24 00:00:00.000000,26629,21,60,18,15,27,22,43,43,2019-08-24,5,31.125,24.5,False
981,2019-08-25 00:00:00.000000,27517,9,56,13,14,21,17,37,37,2019-08-25,6,25.5,19.0,False
982,2019-08-26 00:00:00.000000,26860,86,49,7,14,17,12,33,33,2019-08-26,0,31.375,25.0,True
983,2019-08-27 00:00:00.000000,24571,74,41,65,8,14,7,27,27,2019-08-27,1,32.875,27.0,False
